Compound,T crit,n_density_data,T range (K),homo,hetero,n_pressure_data,T range (K).1,homo.1,hetero.1,smiles
n-butane,425.1,6,311-394,2.92,1.46,29,140-420,8.41,12.04,CCCC
n-pentane,469.7,58,143-443,0.56,1.44,109,223-470,5.31,6.3,CCCCC
n-hexane,507.6,50,193-478,2.78,1.13,62,196-503,7.74,5.85,CCCCCC
n-heptane,540.2,36,183-513,4.08,0.83,169,194-540,6.05,4.56,CCCCCCC
n-octane,568.7,21,333-533,5.35,0.97,93,228-569,5.39,3.74,CCCCCCCC
n-nonane,594.6,46,223-533,6.04,0.96,66,311-511,4.29,1.98,CCCCCCCCC
n-decane,617.7,36,244-583,6.71,1,81,268-490,3.87,2.94,CCCCCCCCCC
n-undecane,639,34,253-573,7.17,1.15,39,348-499,3.55,1.53,CCCCCCCCCCC
n-dodecane,658,38,263-623,7.96,1.64,65,289-520,2.53,3.91,CCCCCCCCCCCC
n-tridecane,675,38,273-573,7.62,0.88,70,290-540,2.89,3.7,CCCCCCCCCCCCC
n-tetradecane,693,17,283-523,7.98,0.74,59,280-559,3.25,4.66,CCCCCCCCCCCCCC
n-pentadecane,708,30,283-543,8.29,0.8,50,346-577,3.25,3.64,CCCCCCCCCCCCCCC
n-hexadecane,723,32,291-563,8.5,0.84,66,295-594,4.33,3.81,CCCCCCCCCCCCCCCC
n-heptadecane,736,42,295-613,9.2,1.85,25,390-609,4.45,4.83,CCCCCCCCCCCCCCCCC
n-octadecane,747,38,302-593,9.28,1.48,47,318-624,8.26,3.57,CCCCCCCCCCCCCCCCCC
n-nonadecane,758,16,305-603,9.36,1.31,24,306-638,6.22,3.52,CCCCCCCCCCCCCCCCCCC
n-eicosane,768,21,310-613,9.5,1.14,79,344-652,7.09,4.17,CCCCCCCCCCCCCCCCCCCC
n-henicosane,778,6,314-372,9.39,0.61,27,318-630,8.1,4.77,CCCCCCCCCCCCCCCCCCCCC
n-docosane,787,6,318-373,9.54,0.65,35,318-668,10.96,5.27,CCCCCCCCCCCCCCCCCCCCCC
n-tricosane,796,10,321-372,9.61,0.7,28,418-693,6.49,4.44,CCCCCCCCCCCCCCCCCCCCCCC
n-tetracosane,804,2,343-343,9.61,0.9,21,379-588,8.27,4.34,CCCCCCCCCCCCCCCCCCCCCCCC
n-pentacosane,812,5,293-373,9.63,1.02,17,379-674,11.17,3.93,CCCCCCCCCCCCCCCCCCCCCCCCC
n-hexacosane,819,12,330-431,9.94,0.61,29,379-684,10.8,6.42,CCCCCCCCCCCCCCCCCCCCCCCCCC
n-heptacosane,826,4,333-372,9.96,0.81,7,351-543,25.96,15.53,CCCCCCCCCCCCCCCCCCCCCCCCCCC
n-octacosane,832,10,335-573,10.31,1.34,34,418-588,10.19,1.49,CCCCCCCCCCCCCCCCCCCCCCCCCCCC
n-nonacosane,838,1,343-343,9.95,1.09,16,456-714,13.98,5.97,CCCCCCCCCCCCCCCCCCCCCCCCCCCCC
n-triacontane,844,3,343-363,10.39,0.61,20,463-722,16.6,8.53,CCCCCCCCCCCCCCCCCCCCCCCCCCCCCC
n-dotriacontane,855,5,348-373,10.37,0.72,16,475-739,16.98,9.36,CCCCCCCCCCCCCCCCCCCCCCCCCCCCCCCC
n-hexatriacontane,874,10,353-573,10.8,1.31,15,497-769,23.22,17.08,CCCCCCCCCCCCCCCCCCCCCCCCCCCCCCCCCCCC
3-ethylpentane,540.6,54,155-513,3.21,1.37,71,266-541,6.09,3.25,CCC(CC)CC
3-ethylhexane,565.5,27,272-533,5.35,0.92,63,286-565,2.96,4.44,CCCC(CC)CC
3-ethylheptane,590,3,293-298,4.71,1.79,12,305-384,10.08,9.44,CCCCC(CC)CC
3-ethyl-2-methylpentane,567.1,27,261-533,4.2,4.35,65,283-560,3.41,4.81,CCC(CC)C(C)C
3-ethyl-3-methylpentane,576.5,6,273-323,1.55,9.56,65,249-576,18.62,16.04,CCC(C)(CC)CC
isobutane,407.8,65,213-378,10.77,5.84,118,239-407,7.75,1.63,CC(C)C
isopentane,460.4,55,150-433,4.2,4.3,72,217-448,1,6.8,CCC(C)C
2-methylpentane,497.7,25,258-333,1.5,3.75,53,241-498,2.71,2.5,CCCC(C)C
3-methylpentane,504.6,26,266-339,0.4,2.06,54,243-504,7.38,8.48,CCC(C)CC
2-methylhexane,530.4,34,272-503,0.47,4.11,71,271-530,4.04,0.74,CCCCC(C)C
3-methylhexane,535.2,53,233-503,2.94,1.68,68,272-535,1.08,1.96,CCCC(C)CC
2-methylheptane,559.7,49,263-523,1.95,3.4,97,222-560,7,1.19,CCCCCC(C)C
3-methylheptane,563.6,51,263-533,3.88,1.8,100,223-564,3.26,0.68,CCCCC(C)CC
4-methylheptane,561.7,51,263-533,3.34,2.37,54,293-562,3.74,2.89,CCCC(C)CCC
2-methyloctane,582.9,4,293-298,2.99,3.44,68,195-581,6.7,1.62,CCCCCCC(C)C
3-methyloctane,590.1,10,283-313,3.96,2.5,22,306-445,4.05,0.73,CCCCCC(C)CC
4-methyloctane,587.6,10,283-313,3.91,2.55,22,305-443,9.36,5.96,CCCCC(C)CCC
2-methylnonane,610,7,273-313,3.91,3.31,27,325-469,5.81,1.83,CCCCCCCC(C)C
3-methylnonane,613,5,273-313,4.74,2.51,27,325-470,3.92,0.66,CCCCCCC(C)CC
4-methylnonane,610,5,273-313,4.6,2.66,27,323-467,10.18,6.38,CCCCCC(C)CCC
5-methylnonane,610,5,273-313,4.65,2.61,27,323-467,11.91,8.16,CCCCC(C)CCCC
"2,2-dimethylpropane",433.8,28,253-403,18.23,7.06,112,258-434,18.01,22.1,CC(C)(C)C
"2,2-dimethylbutane",489,12,269-320,8.15,8.31,84,199-489,4.52,4.4,CCC(C)(C)C
"2,3-dimethylbutane",500,22,266-473,3.42,8.26,54,238-500,9.46,8.12,CC(C)C(C)C
"2,2-dimethylpentane",520.5,57,150-493,5.79,6.89,81,261-513,10.01,6.53,CCCC(C)(C)C
"2,3-dimethylpentane",537.3,26,272-503,1.5,6.06,95,205-523,11.54,6.64,CCC(C)C(C)C
"2,4-dimethylpentane",519.8,46,272-493,3.92,9.47,68,262-520,14.7,4.24,CC(C)CC(C)C
"3,3-dimethylpentane",536.4,25,272-503,3.91,9.38,84,213-536,11.09,9.33,CCC(C)(C)CC
"2,2-dimethylhexane",549.8,24,272-513,4.51,6.31,62,276-550,14.16,7.83,CCCCC(C)(C)C
"2,3-dimethylhexane",563.5,26,272-533,2.22,6.3,62,283-563,2.86,2.02,CCCC(C)C(C)C
"2,4-dimethylhexane",553.5,27,272-523,1.66,8.54,62,278-553,13.94,5.49,CCC(C)CC(C)C
"2,5-dimethylhexane",550,37,255-513,1.9,8.4,59,278-550,14.94,4.46,CC(C)CCC(C)C
"3,3-dimethylhexane",562,26,272-533,1.21,10.65,36,279-562,1.23,3.25,CCCC(C)(C)CC
"3,4-dimethylhexane",568.8,26,272-533,3.71,5,61,284-569,9.48,0.89,CCC(C)C(C)CC
"2,2-dimethylheptane",576.7,2,293-298,1.51,4.6,27,303-433,18.05,7.66,CCCCCC(C)(C)C
"2,6-dimethylheptane",579,48,286-360,0.15,7.27,27,299-435,16.3,1.9,CC(C)CCCC(C)C
"2,2-dimethyloctane",602,2,293-298,0.06,4.02,28,316-458,18.86,5.89,CCCCCCC(C)(C)C
"2,3-dimethyloctane",613,4,293-298,3.33,5.2,27,321-466,4.18,6.46,CCCCCC(C)C(C)C
"2,4-dimethyloctane",600,5,281-298,1.8,6.41,28,316-457,24.67,13,CCCCC(C)CC(C)C
"2,5-dimethyloctane",603,3,293-298,2.32,5.86,27,317-460,18.99,6.46,CCCC(C)CCC(C)C
"2,6-dimethyloctane",606,2,293-298,1.95,6.26,30,319-462,14.21,2.7,CCC(C)CCCC(C)C
"2,7-dimethyloctane",604,17,273-393,1.44,6.69,28,271-461,17.14,4.57,CC(C)CCCCC(C)C
"2,2,3-trimethylbutane",531.1,27,261-503,6.08,5.35,76,254-528,10.8,3.24,CC(C)C(C)(C)C
"2,2,3-trimethylpentane",563.5,29,272-533,1.97,5.98,60,284-564,5.74,2.42,CCC(C)C(C)(C)C
"2,2,4-trimethylpentane",543.8,56,166-513,7.21,2.57,180,199-544,22.09,6.91,CC(C)CC(C)(C)C
"2,3,3-trimethylpentane",573.5,30,272-543,1.37,7.4,68,280-573,22.2,11.88,CCC(C)(C)C(C)C
"2,3,4-trimethylpentane",566.4,29,272-533,1.52,10.12,92,223-566,10,4.45,CC(C)C(C)C(C)C
"2,2,5-trimethylhexane",569.8,24,283-523,6.35,1.95,67,206-424,31.59,15.05,CC(C)CCC(C)(C)C
"2,4,4-trimethylhexane",581,12,283-323,2.12,3.61,26,300-432,12.96,4.05,CCC(C)(C)CC(C)C
"3,3,5-trimethylheptane",609.5,4,293-298,0.19,3.7,27,313-458,13.73,3.31,CCC(C)CC(C)(C)CC
"2,2,3,3-tetramethylbutane",568,29,374-510,8.1,16.3,16,375-406,13.65,1.86,CC(C)(C)C(C)(C)C
"2,2,3,3-tetramethylpentane",607.5,8,288-323,2.25,14.58,35,307-442,38.75,26.13,CCC(C)(C)C(C)(C)C
"2,2,3,4-tetramethylpentane",592.6,3,288-298,2.62,1.56,24,301-434,6.95,4.88,CC(C)C(C)C(C)(C)C
"2,2,4,4-tetramethylpentane",574.6,4,288-303,7.6,11.26,34,293-423,18.98,5,CC(C)(C)CC(C)(C)C
"2,3,3,4-tetramethylpentane",607.5,14,283-323,0.4,3.42,28,308-443,37.35,14.36,CC(C)C(C)(C)C(C)C
"2,2,3,3-tetramethylhexane",623,4,293-298,1.07,12.67,27,314-463,12.31,8.17,CCCC(C)(C)C(C)(C)C
"2,2,5,5-tetramethylhexane",581.4,3,293-298,7.41,8.24,29,300-438,40.41,18.44,CC(C)(C)CCC(C)(C)C
"3,3-diethylpentane",610,3,288-298,4.29,9.68,22,304-448,19.81,17.53,CCC(CC)(CC)CC
"2,2-dimethyl-3-ethylpentane",590,2,293-298,0.59,4.24,22,296-435,2.83,10.29,CCC(CC)C(C)(C)C
"2,4-dimethyl-3-ethylpentane",591,2,293-298,1.63,7.75,25,298-438,3.04,16.49,CCC(C(C)C)C(C)C
"2,2,4,4,6,8,8-heptamethylnonane",692,4,298-313,3.77,7.57,18,424-545,55,7.45,CC(CC(C)(C)C)CC(C)(C)CC(C)(C)C
"2,6,10,15,19,23-hexamethyltetracosane",863,22,273-562,5.42,8.26,6,468-536,67.46,42.34,CC(C)CCCC(C)CCCC(C)CCCCC(C)CCCC(C)CCCC(C)C
1-propene,364.9,88,88-346,10.66,7.61,227,99-364,12.07,11.81,C=CC
1-butene,419.5,97,195-398,4.23,6.59,148,126-420,11.92,9.86,C=CCC
1-pentene,464.8,57,153-440,1.16,6.28,70,273-463,2.13,2.99,C=CCCC
1-hexene,504,58,153-473,1.7,4.78,75,273-504,5.11,4.76,C=CCCCC
1-heptene,537.4,12,273-393,3.58,3.96,40,255-374,2.61,2.93,C=CCCCCC
1-octene,566.9,38,173-511,4.43,3.73,36,264-395,3.51,5.43,C=CCCCCCC
1-nonene,593.1,34,193-473,5.22,3.72,26,307-421,2.69,5.07,C=CCCCCCCC
1-decene,616.6,29,213-473,5.96,3.4,18,360-445,0.91,4.96,C=CCCCCCCCC
1-undecene,637.8,18,273-372,6.48,3.61,39,337-467,2.79,6.26,C=CCCCCCCCCC
1-dodecene,657.1,41,242-393,6.94,3.4,49,362-488,1.94,6.42,C=CCCCCCCCCCC
1-tridecene,674.8,11,273-372,7.27,3.42,19,325-506,6.03,8.29,C=CCCCCCCCCCCC
1-tetradecene,691,20,273-372,7.66,3.25,57,263-688,6.71,5.68,C=CCCCCCCCCCCCC
1-pentadecene,708,23,273-393,7.88,3.14,83,274-703,8.6,6.16,C=CCCCCCCCCCCCCC
1-hexadecene,722,21,273-373,8.2,3.08,105,293-713,7.61,7.25,C=CCCCCCCCCCCCCCC
1-heptadecene,736,12,293-393,8.37,2.85,49,388-698,8.88,6.96,C=CCCCCCCCCCCCCCCC
1-octadecene,748,16,291-393,8.32,3.16,80,375-703,6.84,7.69,C=CCCCCCCCCCCCCCCCC
1-nonadecene,760,12,293-393,8.7,2.8,48,467-738,11.02,7.24,C=CCCCCCCCCCCCCCCCCC
1-eicosene,771,15,289-393,8.81,2.86,27,478-651,5.39,7.95,C=CCCCCCCCCCCCCCCCCCC
cis-2-butene,435.5,36,183-358,6.13,12.4,48,200-423,14.2,8.96,C/C=C\C
trans-2-butene,428.6,60,183-358,3.39,9.86,41,197-413,2.27,2.98,C/C=C/C
cis-2-pentene,475,16,163-303,6.42,8.99,61,230-343,4.41,1.68,C/C=C\CC
trans-2-pentene,474.2,12,233-333,5.04,7.69,31,224-343,2.14,0.55,C/C=C/CC
cis-2-hexene,511.4,15,288-303,7.41,7.45,45,248-365,2.54,1.94,C/C=C\CCC
trans-2-hexene,509.8,14,288-308,6.23,6.27,26,292-341,0.79,1.38,C/C=C/CCC
cis-3-hexene,509,2,293-298,6.48,6.51,58,215-505,6.05,7.31,CC/C=C\CC
trans-3-hexene,509,18,293-309,6.09,6.13,86,215-505,3.36,4.91,CC/C=C/CC
cis-2-heptene,543.7,16,263-313,7.97,6.1,27,269-397,3.52,3.56,C/C=C\CCCC
trans-2-heptene,543.1,16,263-313,7.14,5.25,56,311-371,1.34,2.38,C/C=C/CCCC
cis-3-heptene,545,3,288-298,7.37,5.48,27,268-394,8.06,7.22,CC/C=C\CCC
trans-3-heptene,540,2,293-298,6.75,4.86,39,268-394,7.31,6.53,CC/C=C/CCC
cis-2-octene,572,4,293-298,8.51,5.2,38,290-426,5,5.65,C/C=C\CCCCC
trans-2-octene,571.6,14,273-298,7.85,4.5,82,289-425,2.62,4.14,C/C=C/CCCCC
cis-3-octene,569,2,293-298,8.1,4.77,30,287-423,8.96,6.74,CC/C=C\CCCC
trans-3-octene,574,3,288-298,7.34,3.97,27,288-423,7.15,5.02,CC/C=C/CCCC
cis-4-octene,568,5,293-298,8.09,4.75,44,287-423,8.76,6.49,CCC/C=C\CCC
trans-4-octene,573,3,288-298,7.2,3.82,27,288-422,10.08,7.84,CCC/C=C/CCC
2-methyl-1-propene,417.9,55,203-393,4.57,1.24,45,191-418,6.5,6.94,C=C(C)C
2-methyl-1-butene,465,4,293-303,7.55,1.14,97,145-447,4.03,1.9,C=C(C)CC
3-methyl-1-butene,452.7,11,273-303,6.85,13.21,97,133-453,7.75,4.72,C=CC(C)C
2-methyl-2-butene,470,24,203-353,12.31,12.98,98,146-433,8.69,4.52,CC=C(C)C
2-methyl-1-pentene,505,3,288-298,8.19,0.48,32,243-358,4.28,6.71,C=C(C)CCC
3-methyl-1-pentene,495,8,293-304,2.55,10.74,51,205-435,8.95,5.08,C=CC(C)CC
4-methyl-1-pentene,496,3,288-298,3.12,11.1,38,236-350,9.49,2.22,C=CCC(C)C
2-methyl-2-pentene,514,3,288-298,12.31,10.8,35,247-364,7.02,6.57,CCC=C(C)C
cis-3-methyl-2-pentene,515,2,293-298,13.19,11.64,40,215-475,8.33,8.01,C/C=C(/C)CC
trans-3-methyl-2-pentene,517,12,288-303,13.75,12.22,41,250-367,4.89,3.76,C/C=C(\C)CC
cis-4-methyl-2-pentene,499,3,288-298,1.79,1.05,27,238-352,20.35,11.96,C/C=C\C(C)C
trans-4-methyl-2-pentene,501,3,288-298,1.72,0.97,13,240-313,15.38,6.4,C/C=C/C(C)C
2-methyl-1-hexene,538,2,293-298,8.82,0.15,26,265-390,3.9,6.41,C=C(C)CCCC
3-methyl-1-hexene,528,5,293-298,0.3,9.47,22,260-381,10.91,5.13,C=CC(C)CCC
4-methyl-1-hexene,534,2,293-298,0.59,8.52,26,262-376,1.85,5.97,C=CCC(C)CC
5-methyl-1-hexene,528,2,293-298,0.35,9.4,27,261-383,6.25,5.08,C=CCCC(C)C
2-methyl-1-heptene,567,4,293-298,9.26,0.12,27,286-419,4.64,6.72,C=C(C)CCCCC
4-methyl-1-heptene,557.3,1,293-293,2.43,7.41,54,280-412,11.07,3.37,C=CCC(C)CCC
6-methyl-1-heptene,558,3,293-298,1.41,8.41,27,282-412,8.98,3.47,C=CCCCC(C)C
2-methyl-1-nonene,616,4,293-298,9.78,0.61,4,339-377,5.73,5.85,C=C(C)CCCCCCC
"2,3-dimethyl-1-butene",501,16,253-343,4.96,4.47,56,237-352,6.35,3.72,C=C(C)C(C)C
"3,3-dimethyl-1-butene",480,22,253-343,11.62,1.71,37,226-337,12.76,11.89,C=CC(C)(C)C
"2,3-dimethyl-2-butene",528,14,253-343,19.38,16.65,85,252-370,9.77,11.84,CC(C)=C(C)C
"2,3-dimethyl-1-hexene",561,4,293-298,7.04,3.84,27,280-409,14.64,15.87,C=C(C)C(C)CCC
"2,3,3-trimethyl-1-butene",531,24,253-333,1.76,7.44,36,253-376,1.13,2.86,C=C(C)C(C)(C)C
"2,4,4-trimethyl-1-pentene",550,4,288-298,1.98,5.41,45,271-403,17.79,11.35,C=C(C)CC(C)(C)C
"2,4,4-trimethyl-2-pentene",555,3,288-298,5.93,13.09,42,275-404,19.01,11.01,CC(C)=CC(C)(C)C
2-ethyl-1-butene,511,16,253-343,9.5,1.83,51,245-361,5.82,1.77,C=C(CC)CC
2-ethyl-1-pentene,543,9,263-313,9.56,0.93,22,267-392,3.96,2.67,C=C(CC)CCC
3-ethyl-1-pentene,530,10,263-313,0.2,9.11,22,260-381,10.17,8.12,C=CC(CC)CC
2-ethyl-1-hexene,569,5,273-298,10.03,0.69,29,286-420,4.74,6.04,C=C(CC)CCCC
3-ethyl-1-hexene,553.9,1,293-293,1.76,8.3,54,280-409,18.43,15.53,C=CC(CC)CCC
1-pentyne,481.2,5,273-303,2.34,3.06,27,233-334,8,2.49,C#CCCC
1-hexyne,516.2,13,273-304,0.13,1.59,35,257-368,3.49,1.51,C#CCCCC
1-heptyne,547,43,263-363,1.72,0.77,41,279-398,2.17,1.85,C#CCCCCC
1-octyne,574,44,263-365,3.1,0.3,46,301-425,1.81,1.33,C#CCCCCCC
1-nonyne,598,20,263-363,4.16,0.17,4,317-424,12.35,12.42,C#CCCCCCCC
1-decyne,619.9,16,263-358,5.03,0.3,27,337-476,7.93,6.8,C#CCCCCCCCC
3-methyl-1-butyne,463.2,2,293-298,11.99,6.38,27,225-323,9.62,1.42,C#CC(C)C
cyclohexane,553.8,26,280-526,1.12,5.74,118,280-554,1.38,1.8,C1CCCCC1
methylcyclohexane,572.1,29,233-372,0.19,3.74,61,260-566,4.72,2.78,CC1CCCCC1
ethylcyclohexane,609.1,30,250-383,2.92,2.43,39,294-433,1.76,2.52,CCC1CCCCC1
n-propylcyclohexane,639.1,28,250-383,3.76,2.62,33,313-459,2.69,0.78,CCCC1CCCCC1
isopropylcyclohexane,627,5,273-313,2.14,5.8,98,235-620,3.09,1.29,CC(C)C1CCCCC1
n-butylcyclohexane,667,24,255-383,4.62,2.53,22,333-484,2.79,0.2,CCCCC1CCCCC1
isobutylcyclohexane,654,22,162-323,3.76,4.86,22,333-454,2.89,2.43,CC(C)CC1CCCCC1
sec-butylcyclohexane,642.1,6,293-303,1.7,6.71,25,333-446,19.44,8.12,CCC(C)C1CCCCC1
tert-butylcyclohexane,652,3,293-303,0.53,3.41,22,333-446,9.69,3.49,CC(C)(C)C1CCCCC1
n-decylcyclohexane,751.2,12,273-383,7.31,2.38,92,325-645,4.39,6.9,CCCCCCCCCCC1CCCCC1
"cis-1,2-dimethylcyclohexane",606.1,3,288-298,4.95,6.88,43,292-431,21.93,12.12,C[C@@H]1CCCC[C@@H]1C
"trans-1,2-dimethylcyclohexane",596.1,3,288-298,2.47,9.67,39,286-424,0.4,8.19,C[C@@H]1CCCC[C@H]1C
"cis-1,3-dimethylcyclohexane",591.1,3,288-298,1.2,10.71,38,284-421,9.4,5.64,C[C@@H]1CCC[C@H](C)C1
"trans-1,3-dimethylcyclohexane",598,3,288-298,3.56,8.07,41,288-425,4.38,8.47,C[C@H]1CCC[C@H](C)C1
"cis-1,4-dimethylcyclohexane",598.1,3,288-298,3.32,8.33,37,288-425,3.83,8.13,C[C@H]1CC[C@@H](C)CC1
"trans-1,4-dimethylcyclohexane",587.7,7,288-313,0.77,11.21,39,290-420,12.24,8.55,C[C@H]1CC[C@H](C)CC1
"1-trans-3,5-trimethylcyclohexane",602.2,10,273-313,3.81,14.39,28,299-443,12.6,11.1,CC1CC(C)CC(C)C1
cyclopentane,511.7,30,193-473,0.93,9.14,37,221-345,1.84,1.66,C1CCCC1
methylcyclopentane,532.7,13,253-343,2.11,0.69,58,255-528,1.92,2.35,CC1CCCC1
ethylcyclopentane,569.5,16,253-373,0.63,0.52,78,241-566,1.62,2.1,CCC1CCCC1
propylcyclopentane,596,19,253-383,2.13,0.73,51,294-433,1.12,1.69,CCCC1CCCC1
isopropylcyclopentane,593,19,273-313,0.94,5.33,39,210-427,4.59,7.41,CC(C)C1CCCC1
butylcyclopentane,621,14,253-383,3.3,0.83,29,314-458,1.94,2.16,CCCCC1CCCC1
"cis-1,2-dimethylcyclopentane",565.1,3,288-298,1.13,6.12,34,269-400,20.63,13.24,C[C@@H]1CCC[C@@H]1C
"trans-1,2-dimethylcyclopentane",553.1,3,288-298,3.98,9.11,34,264-391,7.3,13.09,C[C@@H]1CCC[C@H]1C
"cis-1,3-dimethylcyclopentane",551,3,288-298,4.91,9.61,31,263-389,9.77,3.24,C[C@@H]1CC[C@H](C)C1
"trans-1,3-dimethylcyclopentane",553,3,288-298,4.35,9.02,30,264-390,7.77,1.1,C[C@H]1CC[C@H](C)C1
benzene,562,111,279-533,12.48,20.75,143,283-553,16.91,9.96,c1ccccc1
methylbenzene,591.8,99,178-553,5.74,12.64,98,247-592,9.72,8.91,Cc1ccccc1
ethylbenzene,617.1,77,183-583,7.01,11.2,140,283-617,1.95,1.33,CCc1ccccc1
n-propylbenzene,638.4,37,173-373,6.92,8.27,54,266-461,9.6,6.58,CCCc1ccccc1
isopropylbenzene,631,42,177-573,4.2,5.23,73,276-553,16.44,15.1,CC(C)c1ccccc1
n-butylbenzene,660.5,42,193-423,7.62,7.46,50,268-523,9.58,4.75,CCCCc1ccccc1
isobutylbenzene,650,12,288-313,4.51,3.55,34,287-476,28.5,16.95,CC(C)Cc1ccccc1
sec-butylbenzene,664.5,9,289-313,5.46,4.21,44,270-475,26.71,26.45,CCC(C)c1ccccc1
tert-butylbenzene,660,8,289-313,1.51,12.29,40,271-472,25.74,16.1,CC(C)(C)c1ccccc1
n-pentylbenzene,679.9,23,253-453,8.31,7.2,31,353-510,9.74,4.69,CCCCCc1ccccc1
n-hexylbenzene,698,39,253-453,8.56,6.18,36,341-531,9.62,3.28,CCCCCCc1ccccc1
n-heptylbenzene,714,28,253-453,8.82,5.69,37,380-552,9.77,5.09,CCCCCCCc1ccccc1
n-octylbenzene,729,23,253-453,9.01,5.17,50,316-571,11.78,5.86,CCCCCCCCc1ccccc1
n-nonylbenzene,741,23,253-453,9.16,4.65,47,298-589,9.9,6.17,CCCCCCCCCc1ccccc1
n-decylbenzene,753,21,263-453,9.35,4.32,47,371-606,7.67,5.54,CCCCCCCCCCc1ccccc1
n-undecylbenzene,764,22,273-453,9.48,3.92,26,298-622,7.77,4.69,CCCCCCCCCCCc1ccccc1
n-dodecylbenzene,780,30,283-453,9.66,3.58,59,337-645,9.04,7.6,CCCCCCCCCCCCc1ccccc1
n-tridecylbenzene,790,21,283-453,9.72,3.35,32,298-649,5.87,7.11,CCCCCCCCCCCCCc1ccccc1
n-tetradecylbenzene,800,30,284-453,9.9,3.07,29,469-663,4.93,6.03,CCCCCCCCCCCCCCc1ccccc1
n-pentadecylbenzene,809,18,298-453,9.92,2.96,27,526-676,2.13,4.89,CCCCCCCCCCCCCCCc1ccccc1
n-hexadecylbenzene,818,19,303-453,10.04,2.77,4,408-509,24.21,6.88,CCCCCCCCCCCCCCCCc1ccccc1
n-octadecylbenzene,834,10,313-513,10.75,3.07,2,514-522,26.89,9.38,CCCCCCCCCCCCCCCCCCc1ccccc1
"1,2-dimethylbenzene",630.3,57,248-593,4.15,9.96,81,273-630,17.71,14.45,Cc1ccccc1C
"1,3-dimethylbenzene",617,62,233-583,1.59,7.88,88,273-617,1.39,4.76,Cc1cccc(C)c1
"1,4-dimethylbenzene",616.2,65,288-583,0.98,7.61,127,288-616,1.86,2.57,Cc1ccc(C)cc1
"1,2,3-trimethylbenzene",664.5,38,243-473,2.91,7.58,83,323-664,26.5,20.35,Cc1cccc(C)c1C
"1,2,4-trimethylbenzene",649.1,43,233-473,0.29,5.21,96,313-643,5.39,6.31,Cc1ccc(C)c(C)c1
"1,3,5-trimethylbenzene",637.3,34,233-473,1.21,4.03,76,298-637,7.8,1.31,Cc1cc(C)cc(C)c1
"1,2,3,4-tetramethylbenzene",693,8,289-303,1.05,5.18,46,316-509,37.75,28.14,Cc1ccc(C)c(C)c1C
"1,2,4,5-tetramethylbenzene",676,24,352-446,0.66,3.5,28,353-500,6.99,5.24,Cc1cc(C)c(C)cc1C
"1,2,3,4,5-pentamethylbenzene",719.1,4,293-380,0.68,4.17,4,330-431,42.17,28.99,Cc1cc(C)c(C)c(C)c1C
"1,2-diethylbenzene",668,3,288-298,6.22,7.16,31,336-486,14.79,16.06,CCc1ccccc1CC
"1,3-diethylbenzene",663,9,288-313,4.51,5.59,43,272-483,23.81,20,CCc1cccc(CC)c1
"1,4-diethylbenzene",657.9,13,288-313,4.28,5.36,42,336-487,13.63,10.07,CCc1ccc(CC)cc1
"1,2,4-triethylbenzene",684,2,290-293,4.41,3.81,11,366-491,42.18,41.03,CCc1ccc(CC)c(CC)c1
"1,3,5-triethylbenzene",678,4,293-293,2.85,2.33,2,363-372,55.52,50.7,CCc1cc(CC)cc(CC)c1
"1,2,3,5-tetraethylbenzene",708,1,293-293,3.7,1.89,9,370-521,51.09,51.7,CCc1cc(CC)c(CC)c(CC)c1
"1,2,3,4,5-pentaethylbenzene",731,3,292-381,4.83,2.03,6,445-550,61.52,65.72,CCc1cc(CC)c(CC)c(CC)c1CC
"1,3,5-triisopropylbenzene",696.6,7,293-448,1.9,7.81,28,283-388,88.45,88.03,CC(C)c1cc(C(C)C)cc(C(C)C)c1
"1,4-di-tert-butylbenzene",708,7,373-523,4.62,10.95,24,384-559,50.3,28.06,CC(C)(C)c1ccc(C(C)(C)C)cc1
1-ethyl-2-methylbenzene,650,23,193-373,4.95,7.87,47,322-466,1.45,0.23,CCc1ccccc1C
1-ethyl-3-methylbenzene,637.1,13,283-313,3.41,6.44,61,280-464,10.97,6.62,CCc1cccc(C)c1
1-ethyl-4-methylbenzene,640.2,12,288-318,3.01,6.05,118,319-640,7.02,4.1,CCc1ccc(C)cc1
"1-ethyl-3,5-dimethylbenzene",655,2,293-298,0.71,3.45,29,295-487,21.28,15.15,CCc1cc(C)cc(C)c1
"1,2,4-trimethyl-3-ethylbenzene",697.3,3,293-298,1.81,3.96,19,348-488,15.4,20.91,CCc1c(C)ccc(C)c1C
"1,2,4-trimethyl-5-ethylbenzene",687.3,9,285-298,0.77,3.05,37,349-483,14.82,15.63,CCc1cc(C)c(C)cc1C
1-methyl-2-propylbenzene,662,6,289-298,5.55,6.54,33,337-488,12.11,11.45,CCCc1ccccc1C
1-methyl-3-propylbenzene,654,9,290-303,4.18,5.3,31,335-485,18.09,12.66,CCCc1cccc(C)c1
1-methyl-4-propylbenzene,656,9,289-303,3.91,5.03,32,298-486,15.88,10.13,CCCc1ccc(C)cc1
1-methyl-2-isopropylbenzene,657,20,273-473,3.24,3.54,46,298-481,21.92,22.68,Cc1ccccc1C(C)C
1-methyl-3-isopropylbenzene,649,19,273-473,1.4,1.89,47,298-478,28.79,25.2,Cc1cccc(C(C)C)c1
1-methyl-4-isopropylbenzene,652,40,263-613,0.97,1.23,78,268-633,24.58,20.85,Cc1ccc(C(C)C)cc1
1-ethyl-2-isopropylbenzene,666,4,293-303,7.62,7.09,4,349-465,43.49,43.05,CCc1ccccc1C(C)C
1-ethyl-4-tert-butylbenzene,684,4,293-298,0.18,8.07,4,336-481,41.7,28.91,CCc1ccc(C(C)(C)C)cc1
1-propanol,536.8,91,153-483,6.06,1.15,226,273-537,3.76,2.54,CCCO
1-butanol,563.1,49,186-423,2.07,0.22,188,296-563,2.85,1.52,CCCCO
1-pentanol,588.1,34,253-490,0.61,0.46,55,287-573,1.26,2.53,CCCCCO
1-hexanol,611.3,18,253-413,2.38,0.58,52,310-603,2.66,2.95,CCCCCCO
1-heptanol,632.3,25,253-413,3.52,0.71,80,316-603,2.7,3.15,CCCCCCCO
1-octanol,652.3,36,263-490,4.6,0.85,73,293-549,3.48,3.25,CCCCCCCCO
1-nonanol,670.9,11,273-328,5.31,1.19,52,365-613,2.9,1.53,CCCCCCCCCO
1-decanol,688,29,283-553,6.11,1.21,41,336-528,4.21,2,CCCCCCCCCCO
1-undecanol,703.9,28,293-413,6.75,0.8,13,293-407,6.88,1.05,CCCCCCCCCCCO
1-dodecanol,718.7,31,298-573,7.34,1.28,70,303-619,8.16,3.01,CCCCCCCCCCCCO
1-tridecanol,732.4,5,304-333,7.44,1.18,88,335-730,6.78,2.84,CCCCCCCCCCCCCO
1-tetradecanol,747,33,312-573,7.87,1.18,140,313-745,8.63,2.64,CCCCCCCCCCCCCCO
1-pentadecanol,757.3,1,333-333,8.35,0.79,34,343-755,9.36,2.72,CCCCCCCCCCCCCCCO
1-hexadecanol,768.6,44,323-573,8.67,1.54,49,363-569,12.33,1.39,CCCCCCCCCCCCCCCCO
1-octadecanol,789.3,61,298-573,8.89,1.39,51,433-574,14.11,3.09,CCCCCCCCCCCCCCCCCCO
1-eicosanol,809,3,348-368,9.31,0.7,5,339-358,31.02,8.46,CCCCCCCCCCCCCCCCCCCCO
1-propylamine,496.9,11,213-413,6.43,0.86,29,237-351,2.45,2.21,CCCN
1-butylamine,531.9,8,293-335,1.72,0.73,26,259-373,2.22,2.07,CCCCN
1-pentylamine,555,4,293-298,0.87,1.11,22,279-401,1.97,3.44,CCCCCN
1-hexylamine,584,16,253-493,2.29,1.12,38,293-431,3.57,2.35,CCCCCCN
1-aminoheptane,607,12,273-373,3.88,1.24,28,308-457,1.85,2.03,CCCCCCCN
1-octylamine,627,2,293-298,4.68,1.68,42,308-481,1.96,2.3,CCCCCCCCN
1-nonylamine,648,2,293-298,5.42,1.76,39,325-504,3.03,2.69,CCCCCCCCCN
1-decylamine,663,4,293-298,5.99,1.87,42,329-523,2.58,2.19,CCCCCCCCCCN
1-undecaneamine,682,3,293-298,6.48,1.92,40,342-547,4.11,2.84,CCCCCCCCCCCN
1-dodecylamine,696,14,313-573,7.05,1.41,55,355-564,3.97,3.61,CCCCCCCCCCCCN
1-tetradecylamine,722,3,293-298,7.54,2.05,43,382-597,2.75,2.21,CCCCCCCCCCCCCCN
propanal,504.4,3,293-298,0.48,8.71,40,235-342,1.37,2.06,CCC=O
butanal,537.2,12,273-348,3,6.55,25,255-371,3.81,0.99,CCCC=O
pentanal,566.1,11,289-363,5.14,5.22,25,277-400,9.2,4.69,CCCCC=O
hexanal,591,4,288-298,6.32,4.07,30,296-427,7.54,3.99,CCCCCC=O
heptanal,616.8,12,273-393,7.34,3.42,28,298-453,7.11,4.96,CCCCCCC=O
octanal,638.9,6,289-298,7.87,2.63,34,298-475,4.46,3.83,CCCCCCCC=O
nonanal,658,15,289-403,8.75,2.65,35,314-497,3.04,2.73,CCCCCCCCC=O
decanal,674.2,5,288-298,8.41,1.34,28,349-518,2.31,1.46,CCCCCCCCCC=O
undecanal,692,3,293-298,8.81,1.1,30,338-537,4.78,3.26,CCCCCCCCCCC=O
dodecanal,708,2,293-298,9.02,0.76,24,373-555,6.84,4.09,CCCCCCCCCCCC=O
tridecanal,724,2,293-298,9.22,0.5,29,407-572,6.46,3.98,CCCCCCCCCCCCC=O
2-methylpropanal,507,3,293-298,3.76,0.17,15,293-337,13.13,3.37,CC(C)C=O
2-methylbutanal,543.2,15,293-393,0.82,0.3,18,268-383,11.93,7.16,CCC(C)C=O
3-methylbutanal,543.2,10,273-366,0.14,0.63,16,311-368,10.77,4.27,CC(C)CC=O
2-methyloctanal,647,1,293-293,6.07,1,6,329-365,32.2,28.83,CCCCCCC(C)C=O
2-butanone,535.5,11,223-303,0.46,13.63,87,191-533,2.42,4.92,CCC(C)=O
2-pentanone,561.1,35,233-373,2.35,11.25,99,204-558,6.37,3.5,CCCC(C)=O
3-pentanone,561,17,273-343,3.13,11.96,80,283-555,4.89,3.03,CCC(=O)CC
2-hexanone,587.6,9,283-323,4.21,9.56,36,298-428,15.99,11.03,CCCCC(C)=O
3-hexanone,582.8,9,293-360,4.67,10.02,93,293-422,1.62,2.57,CCCC(=O)CC
2-heptanone,611.4,18,253-353,5.53,8.33,119,274-452,18.06,14.12,CCCCCC(C)=O
3-heptanone,606.6,15,288-359,5.93,8.72,16,323-421,6.62,3.66,CCCCC(=O)CC
4-heptanone,602,14,253-393,5.51,8.34,40,309-443,7.23,10.37,CCCC(=O)CCC
2-octanone,632.7,21,253-433,6.42,7.35,23,298-472,16.13,13.23,CCCCCCC(C)=O
3-octanone,627.7,27,284-359,6.79,7.61,26,293-443,11.58,12,CCCCCC(=O)CC
4-octanone,623.8,14,293-323,6.32,7.13,23,315-443,16.69,17.16,CCCCC(=O)CCC
2-nonanone,652.5,21,273-437,7.11,6.46,37,336-496,16.19,14.75,CCCCCCCC(C)=O
3-nonanone,648.1,23,273-360,7.31,6.6,19,341-464,3.68,3.73,CCCCCCC(=O)CC
4-nonanone,643.7,8,277-323,7.24,6.51,9,341-460,15.88,16.32,CCCCCC(=O)CCC
5-nonanone,640,15,283-360,7.11,6.42,39,301-485,4.96,5.5,CCCCC(=O)CCCC
6-undecanone,678.5,18,293-361,8.06,5.08,48,298-532,9.43,8.35,CCCCCC(=O)CCCCC
3-methyl-2-butanone,553.4,5,273-298,2.41,6.82,67,291-550,6.81,2.6,CC(=O)C(C)C
"3,3-dimethyl-2-butanone",564,8,273-353,6.35,15.7,48,284-405,24.45,2.98,CC(=O)C(C)(C)C
3-methyl-2-pentanone,573,4,293-298,0.8,5.94,43,286-430,5.3,2.32,CCC(C)C(C)=O
4-methyl-2-pentanone,574.6,21,283-373,0.55,4.72,37,283-416,12.08,5.21,CC(=O)CC(C)C
2-methyl-3-pentanone,567,5,291-298,0.72,5.97,46,210-525,15.44,7.99,CCC(=O)C(C)C
"2,4-dimethyl-3-pentanone",576,13,283-372,1.81,0.32,30,291-423,38.05,24.66,CC(C)C(=O)C(C)C
6-methyl-3-heptanone,617,5,293-293,4.27,4.64,5,325-436,7.32,8.54,CCC(=O)CCC(C)C
"2,6-dimethyl-4-heptanone",615,6,293-360,0.65,1.16,81,245-615,36.86,23.17,CC(C)CC(=O)CC(C)C
methyl-ethylether,437.8,8,273-412,4.88,25.17,45,182-438,3.86,5.21,CCOC
diethylether,466.7,28,273-443,0.63,3.4,58,199-467,5.15,3.05,CCOCC
methyl-n-propylether,476.2,5,273-308,5.6,18.58,65,201-333,7.1,11.24,CCCOC
ethyl-n-propylether,500.2,4,273-298,1.82,2.51,42,247-360,9.86,2.14,CCCOCC
di-n-propylether,530.6,9,288-333,3.5,1.81,54,200-530,6.36,3.35,CCCOCCC
methyl-isopropylether,464.5,4,273-298,0.33,27.62,4,227-306,12.94,7.41,COC(C)C
ethyl-isopropylether,489,8,273-308,3.34,3.24,2,325-328,7.15,3.23,CCOC(C)C
methyl-n-butylether,512.7,13,273-315,6.72,16.16,12,256-344,6.15,11.86,CCCCOC
ethyl-n-butylether,531,9,273-331,3.78,2.09,23,204-511,12.25,3.62,CCCCOCC
isopropyl-n-butylether,549,4,288-308,0.82,3.44,3,380-382,1.63,4.01,CCCCOC(C)C
di-n-butylether,584.1,13,273-323,5.48,0.78,25,337-413,9.11,3.29,CCCCOCCCC
diisobutylether,562,3,288-308,1.89,8.46,7,320-396,22.49,9.69,CC(C)COCC(C)C
methyl-tert-butylether,497.1,68,273-338,2.84,5.14,250,273-496,1.6,3,COC(C)(C)C
ethyl-tert-butylether,509.4,15,288-308,6.18,8.63,274,180-450,5.09,1.07,CCOC(C)(C)C
isobutyl-tert-butylether,558.3,1,298-298,6.11,1.64,8,273-308,36.42,24.77,CC(C)COC(C)(C)C
di-n-pentylether,622,10,273-361,6.82,0.36,8,343-460,8.91,6.24,CCCCCOCCCCC
methyl-tert-pentylether,534,17,288-396,1.32,3.45,57,294-390,2.41,2.16,CCC(C)(C)OC
ethyl-tert-pentylether,546,9,288-388,2.05,8.67,20,298-412,1.3,2.19,CCOC(C)(C)CC
ethyl-hexylether,583,11,288-361,6.11,1.5,2,315-415,23.22,15.84,CCCCCCOCC
ethylformate,508.4,43,273-473,2.07,4.85,42,213-508,1.65,4.68,CCOC=O
n-propylformate,538,25,273-503,2.27,3.96,51,262-538,9.26,4.97,CCCC(=O)[O-]
n-butylformate,559,12,273-373,3.57,2.53,43,247-403,8.27,3.67,CCCCC(=O)[O-]
isobutylformate,551.4,19,273-370,1.65,3.4,63,240-551,6.62,2.91,CC(C)CC(=O)[O-]
sec-butylformate,546,12,283-373,1.31,3.12,50,239-389,18.49,13.72,CCC(C)C(=O)[O-]
n-pentylformate,576,17,273-393,4.7,1.51,28,230-490,13.59,8.31,CCCCCC(=O)[O-]
n-heptylformate,628,9,273-303,6.61,0.65,2,350-356,6.19,6.59,CCCCCCCC(=O)[O-]
n-octylformate,645,8,273-303,7.03,0.15,2,346-361,19.13,20.53,CCCCCCCCC(=O)[O-]
ethylacetate,523.3,26,273-493,2.91,6.83,64,230-523,8.78,8.47,CCOC(C)=O
n-propylacetate,549.7,36,273-513,0.42,5.78,54,263-549,13.2,7.77,CCCCC(=O)[O-]
isopropylacetate,532,10,293-335,5.52,0.27,73,235-385,18.88,10.99,CC(C)CC(=O)[O-]
n-butylacetate,575.4,32,273-393,2.24,4.64,71,326-410,15.16,10.88,CCCCCC(=O)[O-]
isobutylacetate,560.8,17,273-373,2,0.1,47,288-523,3.98,4.11,CC(C)CCC(=O)[O-]
sec-butylacetate,561,14,286-361,2.27,0.35,27,298-524,17.62,13.78,CCC(C)CC(=O)[O-]
tert-butylacetate,545,7,283-333,9.05,10.08,26,293-425,38.46,23.87,CC(C)(C)CC(=O)[O-]
n-pentylacetate,599.9,32,273-418,3.65,3.86,29,331-489,8.47,5.77,CCCCCCC(=O)[O-]
isopentylacetate,586.1,23,278-408,0.38,0.09,18,293-415,4.1,7.42,CC(C)CCCC(=O)[O-]
n-hexylacetate,618,25,273-368,4.67,3.18,9,304-381,17.18,18.25,CCCCCCCC(=O)[O-]
2-ethylhexylacetate,642.4,11,293-498,4.61,0.25,26,361-517,16.9,12.78,CCCCC(CC)CCC(=O)[O-]
n-heptylacetate,637,14,273-303,5.34,2.45,26,349-467,16.37,17.01,CCCCCCCCC(=O)[O-]
n-octylacetate,652,8,293-368,6.08,2.19,11,335-485,11.59,14.67,CCCCCCCCCC(=O)[O-]
n-decylacetate,678,6,293-368,7.03,1.56,21,349-518,7.17,7.8,CCCCCCCCCCCC(=O)[O-]
ethylpropionate,546,26,273-513,0.23,5.52,45,245-546,6.15,5.23,CCOC(=O)CC
propylpropionate,568.6,23,273-395,2.3,4.72,35,259-420,2.87,1.41,CCCOC(=O)CC
butylpropionate,594.6,15,273-363,3.62,3.8,58,306-431,2.48,2.38,CCCCOC(=O)CC
ethyl-n-butyrate,571,36,273-393,2.02,4.44,41,255-423,7.85,9.75,CCCC(=O)OCC
n-propyl-n-butyrate,593.7,23,273-413,3.19,3.42,86,272-445,6.51,8.35,CCCOC(=O)CCC
n-butyl-n-butyrate,616,16,273-359,4.26,2.74,21,250-610,11.19,11.12,CCCCOC(=O)CCC
methyl-isobutyrate,540.7,32,273-513,4.08,1.21,41,260-541,3.16,5.6,COC(=O)C(C)C
ethyl-isobutyrate,553.1,3,273-293,2.57,0.48,28,249-553,21.54,14.32,CCOC(=O)C(C)C