smiles,dipole_moment
[O--].[O--].[O--].[Ac+3].[Ac+3],
[Ag+].F[B-](F)(F)F,
[Ag]Br,5.62
,
,
[Ag+].[O-]Br(=O)=O,
,
Cl[Ag],
,
[Ag+].[O-]Cl(=O)=O,
[Ag+].[O-]Cl(=O)(=O)=O,
[C-]#N.[Ag+],
[C-]#[N+][O-].[Ag+],
[Ag+].[F-],
[Ag+2].[F-].[F-],
[Ag]I,4.55
,
,
[Ag+].[O-]I(=O)=O,
,
[Ag+].[O-][Mn](=O)(=O)=O,
[Ag+].[N-]=[N+]=[N-],
[N+](=O)([O-])[O-].[Ag+],
[Ag]O[Ag].O=[Ag]O[Ag]=O,
[Ag+].[O-]C#N,
[Ag+].F[P-](F)(F)(F)(F)F,
C(#N)[S-].[Ag+],
[Ag+].[Ag+].[C-]#[C-],
[Ag]OC(=O)O[Ag],
[Ag+].[Ag+].[O-]C(=O)C([O-])=O,
,
[Ag+].[Ag+].[O-][Cr]([O-])(=O)=O,
[Ag+].[Ag+].[O-][Cr](=O)(=O)O[Cr]([O-])(=O)=O,
F[Ag].[Ag],
[Ag+].[Ag+].[O-][Mo]([O-])(=O)=O,
[O-2].[Ag+].[Ag+],
[S-2].[Ag+].[Ag+],
[Ag+].[Ag+].[O-]S([O-])(=O)=O,
[Se].[Ag].[Ag],
[Ag+].[Ag+].[O-][Se]([O-])=O,
,
[Ag].[Ag].[Te],
,
,
,
,
[O-]P(=O)([O-])[O-].[Ag+].[Ag+].[Ag+],
,
,
[Al]Br,
Br[Al](Br)Brdimer: Br[Al-]1(Br)[Br+][Al-]([Br+]1)(Br)Br,
[Al]Cl,
,
,
,
,
monomer: Cl[Al](Cl)Cldimer: Cl[Al-]1(Cl)[Cl+][Al-]([Cl+]1)(Cl)Cl,
,
monomer: Cl[Al](Cl)Cldimer: Cl[Al-]1(Cl)[Cl+][Al-]([Cl+]1)(Cl)Cl,
,
,
[Na+].[Al-](Cl)(Cl)(Cl)Cl,
,
,
,
,
F[Al],
,
,
,
monomer: F[Al](F)Fcrystal form: F[Al](F[Al]0(F)(F)(F)F)(F[Al]1(F)(F)(F)F)(F[Al]2(F)(F)(F)F)(F[Al]3(F)(F)(F)F)F[Al](F[Al](F[Al]4(F)(F)(F)F)(F[Al]5(F)(F)(F)F)(F[Al]6(F)(F)(F)F)(F0)F)(F[Al](F[Al]7(F)(F)(F)F)(F[Al]8(F)(F)(F)F)(F1)(F4)F)(F[Al](F[Al]9(F)(F)(F)F)(F[Al]0(F)(F)(F)F)(F5)(F7)F)(F[Al](F[Al]1(F)(F)(F)F)(F2)(F8)(F9)F)F[Al](F3)(F6)(F0)(F1)F,
[K+].F[Al-](F)(F)F,
,
,
,
,
,
[OH-].[OH-].[OH-].[Al+3],
[Al]I,
[Al](I)Idimer: I[Al-]1(I)[I+][Al-]([I+]1)(I)I,
[Li+].[O-][Al]=O,
[AlH2-]1[N+]47[AlH-]2[N+][AlH-]3[N+]8([AlH2-][NH+]([AlH2-]4)[AlH2-]6)[AlH-]4[N+][AlH-]5[N+]6([AlH2-]6)[Al-]78[N+]78[AlH-]([NH+]69)[NH+]5[AlH2-][NH+]4[AlH-]7[NH+]3[AlH2-][NH+]2[AlH-]8[NH+]1[AlH2-]9[AlH2-]1[NH+]([AlH2-]6)[AlH2-][NH+]7[AlH-]2[N+][Al-]3([N+][AlH-]9[N+]5)[N+]18[Al-]45[N+][AlH-]5[NH+]6[Al-]78[N+]78[AlH2-][NH+]5[AlH2-][N+]4([AlH2-][NH+]9[AlH2-]4)[AlH-]7[N+]34[AlH2-][NH+]2[AlH2-]8,
,
[Al+3].O=[N+]([O-])[O-].[O-][N+]([O-])=O.[O-][N+]([O-])=O,
O=[Al-]=O.[Na+],
O=[Al],
,
,
[PH+]12[Al-][PH+]3[Al-][PH+]([AlH-]14)[AlH-]1[P+]5([AlH-]38)[Al-]26[PH+]2[AlH-]([P+]4)[PH+]1[Al-][PH+]3[AlH-]2[P+][AlH-]([PH+]6[AlH-]([PH+])[PH+]68)[PH+]([Al-]6)[AlH-]35,
O=P12O[Al](O1)O2[Al+3].[O-]P([O-])([O-])=O,
,
,
,
,
C(=O)([O-])[O-].C(=O)([O-])[O-].C(=O)([O-])[O-].[Al+3].[Al+3],
,
[O-][Al]=O.[O-][Al]=O.[Co+2],
monomer: F[Al](F)Fcrystal form: F[Al](F[Al]0(F)(F)(F)F)(F[Al]1(F)(F)(F)F)(F[Al]2(F)(F)(F)F)(F[Al]3(F)(F)(F)F)F[Al](F[Al](F[Al]4(F)(F)(F)F)(F[Al]5(F)(F)(F)F)(F[Al]6(F)(F)(F)F)(F0)F)(F[Al](F[Al]7(F)(F)(F)F)(F[Al]8(F)(F)(F)F)(F1)(F4)F)(F[Al](F[Al]9(F)(F)(F)F)(F[Al]0(F)(F)(F)F)(F5)(F7)F)(F[Al](F[Al]1(F)(F)(F)F)(F2)(F8)(F9)F)F[Al](F3)(F6)(F0)(F1)F,
[Al](I)Idimer: I[Al-]1(I)[I+][Al-]([I+]1)(I)I,
,
,
,
[Al+3].[Al+3].[O-2].[O-2].[O-2][O-2].[O-2].[O-2].[Al+3].[Al+3],
O=[Al]O[Si](=O)O[Al]=O,
O=[Al]O[Si](=O)O[Al]=O,
,
O=[Al]O[Si](=O)O[Al]=O,
,
[Al+3].[Al+3].[S-2].[S-2].[S-2],
[Al+3].[Al+3].[O-]S(=O)(=O)[O-].[O-]S([O-])(=O)=O.[O-]S([O-])(=O)=O,
,
,
,
,
[Al+3].[Al+3].[Al+3].[Al+3].[C-4].[C-4].[C-4],
,
,
,
,
,
,
Br[As](Br)Br,
,
Cl[As](Cl)Cl,
,
,
F[As](F)F,
F[As](F)(F)(F)F,
[AsH3],0.20
[As](I)I,
,
O=[As][O],
,
,
,
[As](I)[As](I)I,
,
,
O=[As](=O)O[As](=O)=O,
,
=[As](=S)S[As](=S)=SS=[As]12S[As]3(=S)S[As](=S)(S1)S[As](=S)(S2)S3,
,
[Se]=[As][Se][As]=[Se],
,
,
,
,
,
,
,
,
,
Br[Au],
ionic form: [Au+3].[Br-].[Br-].[Br-]covalent form: Br[Au-]1(Br)[Br+][Au-]([Br+]1)(Br)Br,
[Au+].[C-]#N,
[Au]Cl,
Cl[Au-]1(Cl)[Cl+][Au-]([Cl+]1)(Cl)Cl,
[Au+3].[F-].[F-].[F-],
[Au]I,
[Au](I)I,
O[Au](O)O[OH-].[OH-].[OH-].[Au+3],
,
[O-2].[O-2].[O-2].[Au+3].[Au+3],
,
[S-2].[S-2].[S-2].[Au+3].[Au+3],
,
,
[B][As],
,
BrB(Br)Br,
ClB(Cl)Cl,
FB(F)F,0
,
Hexagonal (graphite) structure: [BH-]1=[nH+][B-]2=[nH+][BH-]=[n+]3[BH-]=[nH+][B-]4=[nH+][BH-]=[n+]5[BH-]=[nH+][B-]6=[nH+][BH-]=[n+]1[B-]7=[n+]2[B-]3=[n+]4[B-]5=[n+]67Sphalerite structure: [NH+]12[B-][NH+]3[B-][NH+]([BH-]14)[BH-]1[N+]5([BH-]38)[B-]26[NH+]2[BH-]([N+]4)[NH+]1[B-][NH+]3[BH-]2[N+][BH-]([NH+]6[BH-]([NH+])[NH+]68)[NH+]([B-]6)[BH-]35Wurtzite structure: [N+]7[BH-]2[N+][BH-]3[NH+]8[BH-]4[N+][BH-]5[N+][B-]78[N+]90[B-][NH+]5[B-][NH+]4[BH-]9[NH+]3[B-][NH+]2[B-]0,
,
,
OB(O)O[OH+]=[B-](O)O,
,
B12OP(=O)(O1)O2,
ClB(Cl)Cl,
FB(F)B(F)F,
[BH2]1[H][BH2][H]1,0
[B].[B].[Mg][Mg+2].[Mg+2].[Mg+2].[Mg+2].[Mg+2].[Mg+2].[B-]1=[B-][B-]2=[B-][B-]=[B-]3[B-]=[B-][B-]4=[B-][B-]=[B-]5[B-]=[B-][B-]6=[B-][B-]=[B-]1[B-]7=[B-]2[B-]3=[B-]4[B-]5=[B-]67.[Mg+2].[Mg+2].[Mg+2].[Mg+2].[Mg+2].[Mg+2],
O=BOB=O,
=BSB=S,
,
[BH-]1-[NH+]=[BH-]-[NH+]=[BH-]-[NH+]=1,
B12B3B4B1C234,
,
[Na+].[Na+].O0B(O)O[B-]1(O)OB(O)O[B-]0(O)O1.O.O.O.O.O.O.O.O,
,
,
,
,
,
,
Br[Ba]Br[Ba+2].[Br-].[Br-],
,
,
[O-]Br(=O)=O.[O-]Br(=O)=O.[Ba+2],
,
,
[Ba+2].[O-]C(=O)C.[O-]C(=O)C,
[Ba+2].[C-]#N.[C-]#N,
,
,
,
[Ba]I[Ba+2].[I-].[I-],
,
,
[Ba+2].[O-]I(=O)=O.[O-]I(=O)=O,
,
,
[O-][Mn](=O)(=O)[O-].[Ba+2],
[O-][Mn](=O)(=O)=O.[O-][Mn](=O)(=O)=O.[Ba+2],
,
[Ba+2].[N-]=[N+]=[N-].[N-]=[N+]=[N-],
,
[Ba+2].[O-][N+]([O-])=O.[O-][N+]([O-])=O,
,
,
[Ba]=O,
[Ba+2].[OH-].[OH-],
[Ba+2].[O-][O-],
[O-][P+](=O)[O-].[O-][P+](=O)[O-].[Ba+2],
[Ba+2].[S-2],
C(#N)[S-].C(#N)[S-].[Ba+2],
,
,
[Ba+2].[O-]S([O-])=O,
[Ba+2].[O-]S([O-])(=O)=O,
,
,
,
,
,
,
,
,
,
,
[Ba+2].[Ba+2].[O-][Ti]([O-])([O-])[O-],
,
[O-][W](=O)(=O)[O-].[Ba+2],
,
,
,
,
,
,
,
,
,
,
[Be+2].[BH4-].[BH4-],
Br[Be-2](Br)([Br+]1)[Br+][Be-2]1([Br+]1)[Br+][Be-2]1([Br+]1)[Br+][Be-2]1([Br+]1)[Br+][Be-2]1([Br+]1)[Br+][Be-2]1([Br+]1)[Br+][Be-2]1([Br+]1)[Br+][Be-2]1([Br+]1)[Br+][Be-2]1([Br+]1)[Br+][Be-2]1([Br+]1)[Br+][Be-2]1([Br+]1)[Br+][Be-2]1([Br+]1)[Br+][Be-2]1(Br)Br,
,
[Be+2].[O-]C([O-])=O,
o1c(C)[o+][Be-2]([O+2]456)([o+]c(C)o2)[o+]c(C)o[Be-2]34[o+]c(C)o[Be-2]25[o+]c(C)o[Be-2]16[o+]c(C)o3,
,
ionic depiction: [Be+2].[Cl-].[Cl-]covalent monomer: Cl[Be]Clpolymer: Cl[Be-2](Cl)([Cl+]1)[Cl+][Be-2]1([Cl+]1)[Cl+][Be-2]1([Cl+]1)[Cl+][Be-2]1([Cl+]1)[Cl+][Be-2]1([Cl+]1)[Cl+][Be-2]1([Cl+]1)[Cl+][Be-2]1([Cl+]1)[Cl+][Be-2]1([Cl+]1)[Cl+][Be-2]1([Cl+]1)[Cl+][Be-2]1([Cl+]1)[Cl+][Be-2]1([Cl+]1)[Cl+][Be-2]1([Cl+]1)[Cl+][Be-2]1(Cl)Cl,
,
,
[Be+2].[F-].[F-],
[Be]II[Be-2](I)([I+]1)[I+][Be-2]1([I+]1)[I+][Be-2]1([I+]1)[I+][Be-2]1([I+]1)[I+][Be-2]1([I+]1)[I+][Be-2]1([I+]1)[I+][Be-2]1([I+]1)[I+][Be-2]1([I+]1)[I+][Be-2]1([I+]1)[I+][Be-2]1([I+]1)[I+][Be-2]1([I+]1)[I+][Be-2]1([I+]1)[I+][Be-2]1(I)I,
,
[Be+2].[O-][N+]([O-])=O.[O-][N+]([O-])=O,
[Be]=[O][Be-]#[O+],
O[Be]O,
[Be]=S,
[Be+2].[O-]S([O-])(=O)=O,
[Be][C][Be][Be]=C=[Be],
,
[Be]=N[Be]N=[Be][Be+2].[Be+2].[Be+2].[N-3].[N-3][Be]=[N-].[Be+2].[N-]=[Be],
,
Br[Bi](Br)Br,
CC(=O)[O-].CC(=O)[O-].CC(=O)[O-].[Bi+3],
,
Cl[Bi](Cl)Cl,
[F-].[F-].[F-].[BiH3+3],
[I-].[I-].[I-].[BiH3+3],
,
Cl[Bi]=O,
,
[Bi+H0]=O.[Bi+H0]=O.O=C([O-])[O-],
,
,
[Se-2].[Se-2].[Se-2].[Bi+3].[Bi+3],
,
O=[Bi]O[Bi]=O,
[BiH3+3].[BiH3+3].[S-2].[S-2].[S-2],
[Se-2].[Se-2].[Se-2].[Bi+3].[Bi+3],
BrCl,
,
,
FBr,
FBr(F)F,1.19
FBr(F)(F)(F)F,
BrI,
,
,
O=[Br](=O)O[Br](=O)=O,
,
,
,
ClC(Cl)(Cl)Cl,0
C(#N)C(C#N)(C#N)C#N,
,
,
ClC(Cl)Cl,1.15
ClC(F)F,
C(#N)C(C#N)C#N,
socyanic acid: O=C=NCyanic acid: OC#N,
C([N+](=O)[O-])([N+](=O)[O-])[N+](=O)[O-]anion: C(=[N+]([O-])[O-])([N+](=O)[O-])[N+](=O)[O-],
H-C(=O)([O-]),
[CH2],
,
C=CC=C,
,
OC=C,
ClCC(O)=O,
ClCCl,1.6
C(F)Cl,
N#CCC#N,
C=O,2.330
OCO,
OCCO,
CC#C,
C[Cd]C,
C(=CC)C(cis): C/C=C\C(trans): C/C=C/C,
C=CCCC=C,0.366
O=CCCC=O,2.7
CCBr,
OCCCC,1.66
CCCO,1.68
CCC(=O)N,
Propionic acid: CCC(=O)OPropionate: CCC(=O)[O-],0.63
CCOCC,1.15
OCC,1.69
CCCCCCCCCCCCCCCCCC(=O)O,
CC#N,
CC(=O)C,2.88
O=C(OC)C,
ClC(=O)C,2.45
O=C(N)C,
CC(=O)[O-],
C=COC(C)=O,
c1ccccc1COC(=O)CCC(=O)OCc1ccccc1,
O=C(OCCC(C)C)C,
CC(O)=O,1.74
anhydrous: [Na+].[O-]C(=O)C,
CC(=O)[O-].[K+],
CC(=O)[O-].[Rb+],
[Cs+].[O-]C(=O)C,
O=C(OC(=O)C)CCC(=O)OC(=O)C,
CCl,1.9
C[Hg]C,
CI,
COC,1.30
CN,1.31
C1NO1,
,
CO,1.69
[K+].[O-]C,
[Li+].[O-]C,
[Na+].[O-]C,
,
CSC,
C,
CC(O)C,1.66
CC(=O)C,2.88
O=C(OC)C(=O)OC,
CN(C)N,
CNC,
C[S+](C)CCC(=O)[O-],
ClC(C)(C)C,
CC(C)(C)O,1.31
O(OC(C)(C)C)C(C)(C)C,
CN(C)C,0.612
C,0
,
NC(N)=N,
[C-]#N,
N#CC#N,
C(=N)(N)N.[N+](=O)(O)[O-],
,
[C-]#[O+],0.122
ClC(Cl)=O,1.17
O=C=OC(=O)=O,0
Cs: O=[C]O[O]D3h: O=C([O])[O]C2v: O=C1OO1,
C(=O)([O-])[O-],
=C=S,0
FC(F)=C(F)F,
C#C,
O=CC=O,
ClC=C,
OCC#N,
CC(=O)[O-],
C=C,
ClCCCl,1.80
n1c[nH]nc1N,
O1CC1,1.94
CC(O)=O,1.74
CCBr,
CCN,
C(C(=O)O)NZwitterion: C(C(=O)[O-])[NH3+](HCl): C(C(=O)O)N.Cl,
,
OCC,1.69
CCNCC,
,
CC[O-].[K+],
[Na+].[O-]CC,
,
CC,
CS(=O)CCS(C)=O,3.96
NCCO,
o=c([o-])C.[N+H4],
O=S(=O)(O)CCN,
C(=O)(C(=O)[O-])[O-],
COCl(=O)(=O)=O,
C(C=C(Cl)Cl)Cl,
O=C(O)CC(O)=OC(C(=O)O)C(=O)O,
,
C1=CN=C1,
C=C=CC(=C)=C,
c1cnc[nH]1,3.61
c1csc(n1)N,
O=C(C(=O)O)C,
O=C(O)CC(O)=OC(C(=O)O)C(=O)O,
O=C(C=C)NC=CC(=O)N,
,
C(C(CO[N+](=O)[O-])O[N+](=O)[O-])O[N+](=O)[O-],
C1CC1,
O=COCC,
C(C)C(O)=O,
C(CS)C(=O)O,
N1CCC1,
[N-]=[N+]=NCCC,
: C[C@@H](C(=O)O)NL Zwitterion: C[C@@H](C(=O)[O-])[NH3+],
C([C@@H](C(=O)O)N)SZwitterion: C([C@@H](C(=O)[O-])[NH3+])S,
: C([C@@H](C(=O)O)N)OD/L Zwitterion: C([C@@H](C(=O)[O-])[NH3+])O,
,
CCC,0.083
O=C(O)CNCP(=O)(O)O,
CCCO,1.68
CC(O)CO,
OCCCO,
OCC(O)CO,
,
Cyanuric (triol) tautomer: Oc1nc(O)nc(O)n1Isocyanuric (trione) tautomer: O=C1NC(=O)NC(=O)N1,
C1(=NC(=NC(=N1)N=[N+]=[N-])N=[N+]=[N-])N=[N+]=[N-],
,
C#CC#C,
C#CC#CI,
,
,
,
,
C#CC=C,
,
lactam form: O=C1C=CNC(=O)N1lactim form: Oc1nccc(O)n1,
C(#N)/C(=C(\C#N)/N)/N,
,
,
c1ccoc1,
COC(=O)C(=C)F,
O=C1Nccc(N)n1,
,
n1ccn(c1)CCn1ccnc1,
[nH]1cc(nc1)C,
,
,
OCC#CCO,
O=C1OCCC1,
C/C=C/C(O)=OO=C(O)/C=C/C,
CC(=O)C(=O)C,
C1OC1C2CO2,
O1/C=C\OCC1,
C/C=C\C(=O)O,
CC(C(O)=O)=C,
C=CC(OC)=O,
O=CCCC=O,
C=COC(C)=O,
C(CC(=O)O)C(=O)O,
CCC(Br)C(=O)O,
,
,
,
[1]: C(O)(=O)C1(CC1)(N)O=C(O)C1(N)CC1,
CC(=O)NCC(=O)O,
: C([C@@H](C(=O)O)N)C(=O)OD/L: C(C(C(=O)O)N)C(=O)OD: C([C@H](C(=O)O)N)C(=O)OL Zwitterion: C(C(C(=O)[O-])[NH3+])C(=O)OL Deprotonated zwitterion (aspartate): C(C(C(=O)[O-])[NH3+])C(=O)[O-],
C1CCC1,
O=C(N)C[C@H](N)C(=O)OZwitterion: O=C(N)C[C@H]([NH3+])C(=O)[O-],
C1CCOC1,1.63
O=C(OCC)C,1.78
,
CCCC[Hg]Cl,
CCCC[Li],0
NCCCC(=O)O,
: C[C@H]([C@@H](C(=O)O)N)OL Zwitterion: C[C@H]([C@@H](C(=O)[O-])[NH3+])O,
CCC[CH2].[Na],
,
CCCC,
CCOCC,1.15
OCC(O)CCCCC(CO)O,
CC(O)CCO,
OCCCCOC(CCO)CO,
CC(C(C)O)O,
CC(C)(C)OO,
COCCOC,
CCOCCO,
CC(O)COC,
OCCOCCO,
OCCNCCO,
,
,
,
,
OC(=O)c1cccnc1,0.1271305813
O=C(O)c1nccnc1,
,
,
c1[nH]c2c(n1)nc(nc2O)O,
,
C1=CC(=O)C=C1,
c1cc(oc1)C=O,
,
[cH-]1cccc1,
,
,
,
c1ccncc1,2.215
lactim: Oc1ccccn1lactam: C1=CC=CNC(=O)1,4.26
,
,
NC1=NC=NC2=C1N=CN2Nc1c2ncNc2ncn1,
keto form: O=C1c2ncnc2nc(N)N1enol form: Oc1c2ncnc2nc(N)n1,
,
C1=CC=NNC=C1N\1=C\C=C/C=C\N/1,
,
O=C1NC(=O)NC=C1C,
C1CC(=O)C=C1,
O=C(O)C(=O)CCC(=O)O,
,
CC1CCC(=O)O1,
CN(C)/C=C/C=O,
C=CCC(C(=O)O)NO=C(O)C(N)CC=C,
: C1C[C@H](NC1)C(=O)OL Zwitterion: [O-]C(=O)[C@H](CCC2)[NH2+]2,
l isomer: C(CC(=O)O)[C@@H](C(=O)O)Nd isomer: C(CC(=O)O)[C@H](C(=O)O)NZwitterion: C(CC(=O)O)C(C(=O)[O-])[NH3+]Deprotonated zwitterion: C(CC(=O)[O-])C(C(=O)[O-])[NH3+],
C1CCCC1,
O=C(N)CCC(N)C(=O)OZwitterion: O=C(N)CCC([NH3+])C(=O)[O-],
O=C(O)C(C)(C)C,
Valeric acid: CCCCC(O)=O,
O=C(O)CC(C)C,
C(C=O)[C@@H]([C@@H](CO)O)O,
: CC(C)[C@@H](C(=O)O)NL Zwitterion: CC(C)[C@@H](C(=O)[O-])[NH3+],
: CSCC[C@H](N)C(=O)OL Zwitterion: CSCC[C@H]([NH3+])C(=O)[O-],
CCCCC,
CC(C)(CO)CO,
OCC(CO)(CO)CO,
OC[C@@H](O)[C@H](O)[C@@H](O)CO,
CCN(C)CC,
Fc1c(c(F)c(F)c(F)c1F)C(=O)O,
C1=C(C(=O)C(=CC1=NCl)Cl)Cl,
Brc1cc(Br)cc(Br)c1O,
OC1=C(C=C(C=C1Cl)Cl)Cl,
,
,
Clc1ccc(\N=[N+]=[N-])cc1,
,
,
c1ccc(cc1)Br,
O=Cc1ccccc1c1ccc(cc1)C=O,
c1ccc(cc1)COc1ccc(cc1)CO,1.67
c1ccc(cc1)Cl,
ClC(=O)c1ccccc1c1ccc(cc1)C(=O)Cl,
O=C(O)c1ccccc1,1.72
O=C(O)c1ccccc1,1.72
Fc1ccccc1,
c1ccc(cc1)I,
c1ccnc(c1)C(=O)O,
O=[N+]([O-])c1ccc(O)cc1c1cc(ccc1[N+](=O)[O-])O,
Oc1ccccc1,1.224
OC(=O)CC(O)(C(=O)O)CC(=O)O,
O=C(O)C=1\C=C(\O)NC(=O)C=1,
,
O(c1ccccc1)c2ccccc2,
c3c(N(c1ccccc1)c2ccccc2)cccc3,
c1ccccc1P(c2ccccc2)c3ccccc3,1.4
c1ccccc1,0
,
,
C1=CC=NC(=C1)CCl,
,
,
,
C(C#N)N(CC#N)CC#N,
Oc1ccccc1,1.224
Oc1c(O)cccc1,2.62
c1cc(oc1CO)C=O,
B(c1ccccc1)(O)O,
,
OC1=C([O-])[C@]([C@@H](O)CO)([H])OC1=O.[K+],
,
,
OC1=C([O-])[C@]([C@@H](O)CO)([H])OC1=O.[Na+],
,
,
,
OC(=O)CC(O)(C(=O)O)CC(=O)O,
O=C([C@H](CC1=CNC=N1)N)OZwitterion: O=C([C@H](CC1=CNC=N1)[NH3+])[O-]Protonated zwitterion: O=C([C@H](CC1=CNC=[NH1+]1)[NH3+])[O-],
,
CC(CC=C)C(=O)O,
,
,
O=C(O)CCCCC(=O)OC(CCC(=O)O)CC(=O)O,
OC1C=CC(O)C(O)C1O,
,
CC(OC(=O)C)OC(=O)C,
C1=CO[C@@H]([C@H]([C@@H]1O)O)CO,
C1CCC(C1)(C(=O)O)NO=C(O)C1(N)CCCC1,
C1CCCCC1,
C(C(C1C(N=C(N1)N)C(=O)O)O)N,
CC(=O)CC(C)(C)S,
,
O[C@H]1[C@H](O)[C@H](O[C@]1(O)CO)CO,
,
,
CCCCCC,0.08
C(CCN)C[C@@H](C(=O)O)NZwitterion: C(CC[NH3+])C[C@@H](C(=O)[O-])NProtonated zwitterion: C(CC[NH3+])C[C@@H](C(=O)[O-])[NH3+],
: C(C[C@@H](C(=O)O)N)CNC(=N)ND/L: C(CC(C(=O)O)N)CNC(=N)ND: C(C[C@H](C(=O)O)N)CNC(=N)NL HCl: [Cl-].NC(CCCNC(N)=[NH2+])C([O-])=OL Zwitterion: NC(CCCNC(N)=[NH2+])C([O-])=O,
OCCCCCCO,
"OCCCOCCCO4-oxa-2,6-heptandiol: CC(O)COCC(C)O",
CCC(CO)(CO)CO,
OCCOCCOCCO,
OCCN(CCO)CCO,
C1=NC(=O)N=C1CC(C(=O)O)N,
N#CC(C#N)=C(C#N)C#N,
C1=CC(=C(C(=C1)Cl)C=O)F,
C1=CC(=CC(=C1)Br)C=O,
COC1=C(C=C(C=C1Br)Br)BrCOc1c(Br)cc(Br)cc1Br,
=C(c1c(Cl)cccc1Cl)N,
COc1c(Cl)cc(Cl)cc1ClClc1cc(Cl)cc(Cl)c1OC,
,
O=C(O)c1ccccc1F,
C1=CC(=CC(=C1)F)C(=O)O,
O=C(O)c1ccc(F)cc1,
C1=CC(=C(N=C1)C(=O)O)C(=O)O,
c1ccc2c(c1)[nH]c(=S)s2,
[O-][N+](=O)c1cccc2c1[nH]nc2,
CC1=C(C=CC=C1Cl)F,
,
c1ccc2c(c1)[nH]cn2,
O=C\1/C=C\C=C/C=C/1,
O=C(O)c1ccccc1,1.72
O=C(O)c1ccccc1O,2.65
C1=CC(=C(C=C1C(=O)O)O)O,
O=C(O)c1cc(O)c(O)c(O)c1,
,
O=C(O)c1ccc(N)cc1,
,
,
Cc1ccccc1,0.375
,
,
,
,
,
n1ccc(N(C)C)cc1,
CC(=O)NC(CCC(=O)O)C(=O)O,
O=C(OCC)CC(=O)OCC,2.54
CC(=O)NC(CCC(N)=O)C(O)=O,
CCCCOC(=O)C(C)O,
O[C@@H]1[C@@H](O)[C@@H](O)[C@@H](OC)[C@H](O)[C@H]1O,
CCCCCCC,0.0
C1=CC=C2C(=C1)C(=O)OI2C(F)(F)F,
,
O=C2c1ccccc1NC2=O,
,
,
Clc1cc(Cl)ccc1OCC(=O)O,
,
,
Clc1ccccc1C=CC=Cc1ccccc1Cl,
C12=C(C=CN2)C=CC=C1,2.11
,
C12C3C4C1C5C2C3C45,
,
O=C(O)Cc1ccc(O)cc1,
COc1cc(ccc1O)C(=O)O,
,
,
O=Cc1ccn2CC[C@@H](O)c12,
COC(=O)c1c(N)cccc1,
c1ccc(N(C)C)cc1,
,
,
,
C[C@@H]1CC[C@H](C1C)C,
C1CC(CCC1CO)CO,
CO[C@@H]1[C@@H]([C@H]([C@@H]([C@H]([C@H]1O)O)OC)O)O,
CO[C@@H]1[C@H]([C@@H]([C@@H]([C@H]([C@@H]1OC)O)O)O)O,
,
CCCCCCCC,
,
,
c1cc(cc2c1ccc(=O)o2)O,
,
Oc1cccc2cccnc12c1cc2cccnc2c(c1)Ozwitterion: c1cc2ccc[nH+]c2c(c1)[o-],
,
,
O=C(O)\C=C\c1ccccc1,
C1=CC=C(C(=C1)C=CC(=O)O)O,
,
Cc2cc1ccccc1[nH]2,
,
OC(=O)CNC(=O)c1ccccc1,
c1c(cc(=O)oc1C(=O)O)C[C@@H](C(=O)O)N,
C=CCC1=CC=C(C=C1)O,
CC(=O)C1=C(C=C(C=C1)OC)O,
: c1ccc(cc1)C[C@@H](C(=O)O)NL Zwitterion: [NH3+][C@@H](CC1=CC=CC=C1)C([O-])=O,
c1ccc(cc1)/C=C/CO,
N[C@@H](Cc1ccc(O)cc1)C(O)=OZwitterion: [NH3+][C@@H](Cc1ccc(O)cc1)C([O-])=O,
,
CC(CCC(=O)C1=COC=C1)O,
C1=C2C(=NC(=N1)N)N=CN2COC(CO)CO,
O=C1OCC[C@H]2C[C@H](O)[C@H](C)[C@@H]12,
,
,
CCCCCCCCC,
NCCSSCCNC(=O)OC(C)(C)C,
CCCCNC(=S)NCCCC,
C1=C(C=C(C(=C1Br)O)C2=C(C(=C(N2)Br)Br)Br)Br,
,
C1=CC2=C(C=C1O)C(=CC(=N2)C(=O)O)O,
,
c1cccc2cccc2c1,
c1c2ccccc2ccc1,
,
O=C(O)Cc1c[nH]c2ccccc12,
C(Nc1ncnc2nc[nH]c12)c1ccco1,
,
,
C1=CC(=CC=C1NC(=O)NCCC(=O)O)[N+](=O)[O-],
C=CCc1ccc2OCOc2c1,
COc1cc(ccc1O)/C=C/C(=O)O,
,
c1ccc2c(c1)c(c[nH]2)CCN,
O(c1ccc(\C=C\C)cc1)C,
COc1ccc(CC=C)cc1,
O=C1/C=C(\C=C/C=C1/O)C(C)C,
Oc1ccc(cc1OC)CC=C,
(trans): C/C=C/C1=CC(=C(C=C1)O)OC,
CC=CC1=C(C=CC(=C1)OC)O,
Oc1ccc(cc1OC)/C=C/CO,
,
CC(C)(C)N=S(C1=CC=CC=C1)Cl,
ionic form: CC(=CC(=O)C)[O-].CC(=CC(=O)C)[O-].[Cl-].[Cl-].[Ti+4]coordination form: Cl[Ti-2]12(Cl)(OC(C)=CC(C)=[O+]1)OC(C)=CC(C)=[O+]2,
,
C1C2CC3CC1CC(C2)(C3)Br,
,
CC1=CCC(CC1)C(=C)C,
CC1(C)C2CCC1(C)C(=O)C2O=C1CC2CCC1(C)C2(C)C,
,
C1C(C(C(C(O1)(CNC(CC(=O)N)C(=O)O)O)O)O)O,
C1[C@H]2[C@@H]([C@@H](S1)CCCCC(=O)NN)NC(=O)N2,
,
,
CC1CCC(C(C1)OO)C(C)C,
CCCCCCCCCC,
O=C\2c1c(cccc1)C(=O)/C(=C/2)C,
O(c2ccc1c(cccc1)c2)C,
,
c1[nH]c2ccccc2c1C[C@H](N)C(=O)OZwitterion: c1[nH]c2ccccc2c1C[C@H]([NH3+])C(=O)[O-],
,
OC(=O)c1c(O)cc(OC)cc1C[C@H](N)C(=O)O,
,
COc1cc(ccc1OC)CC=C,
CC=CC1=CC(OC)=C(OC)C=C1,
CCC=CCC1=C(C(CC1=O)O)C,
,
O=C(O)C1NC(=O)CC1.O=C(O)[C@@H](N)CCC/N=C(\N)N,
CCCCCCCCCCC,
O=C(OC)c2cc(OC)cc1O/C(C(=O)Nc12)=C,
C1=CC(=C(C(=C1C2=C(C(=C(C=C2)Cl)Cl)Cl)Cl)Cl)Cl,
c1cc(=C(C#N)C#N)ccc1=C(C#N)C#N,
,
c1ccccc1-c2ccccc2,
,
C/C(=N/NC(=O)c1ccncc1)/c2ccco2,
c3ccc(CNc1ncnc2[nH]cnc12)cc3,
,
O=C(O)CCCc1c[nH]c2ccccc12,
,
COc1cc(CC=C)c(OC)c2OCOc12,
O1c2cc(c(OC)c(OC)c2OC1)CC=C,
,
,
(α): O(c1cc(c(OC)cc1OC)/C=C/C)C(β): C/C=C\c1cc(c(cc1OC)OC)OC,
,
,
O=C1C(/C(=O)CC1)=C2/O[C@H](CC2)CCC,
CCC(=O)C1=CC(=C(C(=C1)OC)OC)OC,
c1cc(ccc1O)O[C@H]2[C@@H]([C@H]([C@@H]([C@H](O2)CO)O)O)O,
,
,
,
O=C1C(/OC)=C(\O/C(=C1/O)CCCCC)C,
,
CC(=O)N[C@@H]1[C@H]([C@@H]([C@H](O[C@H]1NC(=O)C[C@@H](C(=O)O)N)CO)O)O,
C1CCC(CC1)(O)OOC2(CCCCC2)O,
O([C@H]1[C@H](O)[C@@H](O)C(O)O[C@@H]1CO)[C@H]2O[C@@H]([C@@H](O)[C@H](O)[C@H]2O)CO,
CCC(C)CC1CCCN(C1)CC,
CCCCCCCCCCCC,
C1(CC1)C(C2CC2)(C3CC3)C4CC4,
O=C(c1ccccc1)c2ccccc2,
,
O=C(\C=C\C1\C(=C)CCCC1(C)C)C,
,
,
CC(=O)NCCC1=CNC2=C1C=C(C=C2)OC,
,
CCCCCCCCCCCCC,
c1ccc2cc3ccccc3cc2c1,
C1=CC=C2C(=C1)C=CC3=CC=CC=C32,0
,
C1COCCN1C2=C(C(=O)N(C2=O)C3=CC(=C(C=C3)Cl)Cl)Cl,
CC1=C2C(=C3C=C(C(=O)C=C3C2=O)OC)NC=C1,
Oc1ccc(cc1)\C=C\c2cc(O)cc(O)c2,
CC(C)N(c1ccc(cc1)F)C(=O)COc2nnc(s2)C(F)(F)F,
Clc1ccc(c(Cl)c1)C(OCC=C)Cn2ccnc2,
O=C1C=C(CCCC2(CC2)C)C(C(NC(N3)=O)=O)=C3O1,
C[N+](C)(C)CCOC(C1=CC=C(C2(C(F)(F)F)N=N2)C=C1)=O,
O=C(O)C[C@H](N)C(=O)N[C@H](C(=O)OC)Cc1ccccc1,
,
COCCOC(=O)C1=CC=CC=C1C(=O)OCCOC,
O=C1O[C@H](CCCCCC)C2=C1[C@@H](O)[C@@H]3[C@@H](O3)[C@@H]2O,
CCCCCCCCCCCCCC,
O=C\1c3c(O/C=C/1c2ccc(O)cc2)cc(O)cc3,
O=C\1c3c(O/C(=C/1)c2ccc(O)cc2)cc(O)cc3O,
C1=CC(=C(C=C1C2=CC(=O)C3=C(C=C(C=C3O2)O)O)O)O,
O=C1c3c(O/C(=C1/O)c2ccc(O)c(O)c2)cc(O)cc3O,
,
,
Cc1ccnc-2c1C(=O)c3c2c(c(c(c3)O)OC)OC,
CC1=COC2=C1C(=O)[C@@H]([C@@](C2)(C)C=C)C(=C)C,
CC1=CCC23C1C4C(CCC2(O3)C)C(=C)C(=O)O4,
CC1=CCC(CC1)C(C)CC2CCCC2=O,
CCCCCCCCCCCCCCC,
,
,
C1[C@@H]2[C@@H]3[C@@H](O3)[C@@H](N2)CC1OC(=O)[C@H](CO)C4=CC=CC=C4,
COc1cc(cc(c1OC)OC)CCn2cccc2C(=O)O,
CC(NC1=NC(F)=C(CN2CC[C@H](OCC3=NOC(C)=N3)C[C@@H]2C)S1)=O,
,
O=C1N[C@@H]2[C@@H](SC[C@@H]2N1)CCCCC(=O)NCCOCCOCCN,
CCCCCCCCCCCCCCCC,
,
,
Cc1c2ccnc(c2cc3c1[nH]c4c3cccc4)C,
O=C\1c3c(O/C=C/1c2ccccc2)cc(OC)cc3C,
Oc3ccc(C)cc3N=Nc2c1ccccc1c(cc2O)S(O)(=O)=O,
C1CN[C@@H]2[C@H](C3=CC=CC=C3C4=C2C1=CC5=C4OCO5)O,
O=S(=O)(c1ccc(cc1)C)Nc2cc(OC)cc3cccnc23,
,
,
,
CCC[C@@H](O)\C=C\C=C\C=C\C#CC#CCCCO,
CCC[C@@H](O)CC\C=C\C=C\C#CC#C\C=C\CO,
C=C[C@H](O)C#CC#CC/C=C\CCCCCCC,
O(c1c(OC)cc(/C=C/CO)cc1OC)[C@@H]2O[C@@H]([C@@H](O)[C@H](O)[C@H]2O)CO,
CCCCCCCCOC1=C([C@H](OC1=O)[C@H](CO)O)OCC(CO)O,
CCCCCCCCCCCCCCCCC,
,
CC1=CC(=C(C=C1)C2=CSC(=N2)NC(=O)C3=CC=CC=C3)C,
CN1CCc2cc3c(c-4c2[C@H]1[C@H](c5c4cccc5)O)OCO3,
c1cc(c(cc1C[C@@H](C(=O)O)NC(=O)/C=C\c2ccc(c(c2)O)O)O)O,
O=C4[C@]3(CC[C@@H]2c1ccc(O)cc1CC[C@H]2[C@@H]3CC4)C,
COc1ccc2c(c1O)[C@@]34CCN[C@@H]([C@@H]2O)C3=C([C@H]([C@H](C4)O)O)OC,
C[C@]12CC[C@@H]3c4ccc(cc4CC[C@H]3[C@@H]1CC[C@@H]2O)O,
C[C@]12CC[C@H]3[C@H]([C@@H]1C[C@H]([C@@H]2O)O)CCC4=C3C=CC(=C4)O,
C[C@]12CC[C@H]3[C@H]([C@@H]1[C@H]([C@H]([C@@H]2O)O)O)CCC4=C3C=CC(=C4)O,
O=C(NCc1cc(OC)c(O)cc1)CCCC/C=C/C(C)C,
CCCCC/C=C\C/C=C\CCCCCCCC(=O)O,
CCCCCCCCCCCCCCCCCC(=O)O,
C(CCCCCCCCCCCCCCCC)C,
Brc5c(O)c(O)c4Oc1c(O)c(O)c(Br)cc1C3(OS(=O)(=O)c2ccccc23)c4c5,
C1=CC=C2C(=C1)C3=CC4=C(C5=CC=CC=C5N4)C(=C3N2)C=O,
,
Cc1cc2c(c(c1)O)C3=C([C@@H](C2)O)C(=O)c4c(ccc(c4C3=O)O)O,
CC(=O)CC(C1=CC=C(C=C1)Cl)C2=C(C3=CC=CC=C3OC2=O)O,
,
CC[C@]12CCCN3[C@H]1c4c(c5ccccc5n4C=C2)CC3,
C/C=C/1\CN2C3CC1C(C2CC4=C3NC5=CC=CC=C45)CO,
CC[C@]12CCCN3[C@H]1C4=C(CC3)C5=CC=CC=C5N4[C@@H](C2)O,
,
O=C3[C@]2(CC[C@@H]1[C@@]4(C(=C/C[C@H]1[C@@H]2CC3)\C[C@@H](O)CC4)C)C,
O=C4\C=C2/[C@]([C@H]1CC[C@@]3([C@@H](O)CC[C@H]3[C@@H]1CC2)C)(C)CC4,
,
O=C4C[C@@H]3CC[C@@H]2[C@H](CC[C@]1(C)[C@@H](O)CC[C@H]12)[C@@]3(C)CC4,
C(CCCCCCCCCCCCCCCCC)C,
O=C6c2c(c1OCOc1cc2)[C@H](O)[C@@]65N(C)CCc4cc3OCOc3cc45,
C1=CC=C(C=C1)CN(CC2=CC=CC=C2)C3=CC=CC=C3,
C1=CC=NC=C1.C1=CC=NC=C1.C1=CC=NC=C1.C1=CC=NC=C1.[Ag],
C1CC23CCC45C(C2)C(=O)C6C4(C3N(C1)C6)C7=CC=CC=C7N5,
,
C[C@@H]1C2C[C@@]3(O[C@@]4([C@]2([C@@]5(O3)COC(=O)[C@]5(CC4)C)C)OC1=O)C6=COC=C6,
BrC1=C(NCCC2=CN=CN2)N=C(NC2=CC=CC(NC(=O)N3CCCC3)=C2)N=C1,
,
,
OC(c1ccccc1)(c2ccccc2)C(N3CCCCC3)C,
CC(=C)[C@@H]1CC[C@]23CC[C@H](C[C@]24[C@]1(CCC(=O)O4)C)C(=C)C3=O,
O[C@@H]3[C@@H](O)[C@H](O)[C@@H](CO)O[C@H]3OC[C@H]2O[C@@H](OC(C#N)c1ccccc1)[C@H](O)[C@@H](O)[C@@H]2ON#C[C@H](O[C@@H]2O[C@H](CO[C@@H]1O[C@@H]([C@@H](O)[C@H](O)[C@H]1O)CO)[C@@H](O)[C@H](O)[C@H]2O)c3ccccc3,
,
C[C@@]12CCC[C@@]3([C@@H]1CC[C@]45[C@H]3CC[C@H](C4)[C@](C5)(C)O)C(=O)OC2,
,
,
,
CCCCCCCCCCCCCCCCCCCC,
,
,
,
O=C(\C=C\c1ccc(O)c(OC)c1)CC(=O)\C=C\c2cc(OC)c(O)cc2,
C/C=C\1/CN2C3CC1C(C45C3(NC6=CC=CC=C64)OC2C5)(C=O)C(=O)OC,
CC(C)C1=C(C(=C2C=C3C=CC(=O)C(C3=CC(=O)C2=C1)(C)C)O)OC,
FCC(=O)C(NC(=O)C(NC(=O)OCc1ccccc1)Cc2ccccc2)C,
,
O(c1c4c(ccc1O)[C@@H]([C@@H]3c2c(cc(OC)c(OC)c2)CCN3C4)C)C,
CC(=CCC1=C(C=CC(=C1O)OC)CCC2=CC(=CC(=C2)OC)O)C,
CCc1c(c(c2nc3ccccc3n2c1NCCN(CC)CC)C#N)C,
CC(=O)[C@H]1CC[C@@H]2[C@@]1(CC[C@H]3[C@H]2CCC4=CC(=O)CC[C@]34C)C,
,
O=C(NCCS)CCNC(=O)C(O)C(C)(C)COP(=O)(O)OP(=O)(O)OC[C@H]3O[C@@H](n2cnc1c(ncnc12)N)[C@H](O)[C@@H]3OP(=O)(O)O,
CCCCCCCC/C=C\CCCCCCCC(=O)N(C)CC(=O)O,
CCCCCCCC/C=C\CCCCCCCCNCCCN,
,
,
,
C[C@@H]/1C[C@@H]2[C@@H]([C@@H]([C@H]([C@](C(=O)/C=C1)(C)O)OC(=O)C)OC(=O)CC(C)C)C(=C)C(=O)O2,
CC1=CC(=CC(=C1[O-])C(=O)[O-])C(=C2C=C(C(=O)C(=C2)C(=O)O)C)C3=C(C=CC(=C3Cl)S(=O)(=O)[O-])Cl.[Na+].[Na+].[Na+],
Gamma: CC1([C@H]([C@H]1C(=O)O[C@H](C#N)C2=CC(=CC=C2)OC3=CC=CC=C3)/C=C(/C(F)(F)F)\Cl)C,
O=C(OCc2cc(Cc1ccccc1)oc2)[C@@H]4[C@H](\C=C3/CCSC3=O)C4(C)C,
,
COC(=O)[C@@H]1CC23CCCN4[C@@H]2[C@@]5(C1(CC3)N(C6=CC=CC=C65)C(=O)OC)CC4,
CC1=N[C@@H](CS1)/C=C/CCCCCCCCCCC(=O)N(C)/C=C/CC=C,
C[C@@H]([C@H]1CC[C@@H]2[C@@]1(CC[C@H]3[C@H]2CC[C@@H]4[C@@]3(CC[C@@H]([C@H]4O)O)C)C)N(C)C,
CC1C(OC(=O)N1C(=O)CC2=CC=CC3=CC=CC=C32)C4=CC(=CC(=C4)C(F)(F)F)C(F)(F)F,
,
CCCCC(CC)C(=O)[O-].CCCCC(CC)C(=O)[O-].CCCCC(CC)C(=O)[O-].[Cr+3],
C[C@@H]1CC2=CC(=C(C(=C2C3=C(C4=C(C=C3[C@@H]([C@@H]1C)OC(=O)C)OCO4)OC)OC)OC)OC,
O[C@H]4[C@H](Oc1c3c2c(c(c1O)C)[C@@H](\C=C(/C)C)C[C@H](C)[C@H]2CC[C@@H]3C)OC[C@@H](O)[C@@H]4O,
C1=CC(=C(C(=C1)O)O)C(=O)N[C@H](CCCN=C(N)N)C(=O)N[C@H](CCCN(C=O)OC(=O)C2=C(C(=CC=C2)O)O)C(=O)O,
CC1C(OC(=O)N1C(=O)CC2=CC=CC3=CC=CC=C32)C4=CC(=CC(=C4)C(F)(F)F)C(F)(F)F,
C[C@H]1CC[C@@H]2[C@H](C[C@@H](C3=C(C(=C(C1=C23)O)O[C@H]4[C@H]([C@@H]([C@@H]([C@@H](O4)C)O)O)O)C)C=C(C)C)C,
,
,
O=C(OCC(OC(=O)CCCCCCC)COC(=O)CCCCCCC)CCCCCCC,
CCN(CC)C1=CC2=[N+](C3=C(C=CC(=C3)NN=C4C=CC(=O)C=C4)N=C2C=C1)C5=CC=CC=C5.[Cl-],
,
C1=CC(=C(C=C1CCC(=O)NCCCNCCCCNCCCNC(=O)CCC2=CC(=C(C=C2)O)O)O)O,
O[C@]1(C)CC[C@@H](N(C)C1)[C@@H](C)[C@H]4[C@@H](O)C[C@H]3[C@@H]5C/C=C2/C[C@@H](O)CC[C@]2(C)[C@H]5CC[C@@]34C,
O=C1N2[C@H](O)C[C@@H]1NC(=O)[C@@H]4N(C(=O)[C@@H](NC(=O)[C@@H](NC(=O)[C@@H]2Cc3c[nH]cn3)CCCC(=O)O)CCC/N=C(\N)NC(=O)C)CCC4,
CC[C@H]1C[C@@H]2C[C@@H]3[C@H]4C/C=C\C(=O)NCCC(C5C(=C(C(=O)/C=C/[C@@H]4C[C@@H]([C@H]3[C@@H]2[C@H]1C)O)C(=O)N5)O)O,
C[C@H]1C(=C([C@H]2C#C/C=C\C#C[C@H]3[C@]14[C@]2(O4)c5cc(c6c(c5N3)C(=O)c7c(ccc(c7C6=O)O)O)O)OC)C(=O)O,
CC1=C2[C@H]([C@@H]([C@@]3([C@H](C[C@@H](C(=C)[C@H]3[C@@H]([C@@H](C2(C)C)C[C@@H]1OC(=O)C)OC(=O)C)O)OC(=O)C)C)OC(=O)C)OC(=O)C,
CC(C)[C@H]1CC[C@@H]2[C@@]1(CC[C@]3([C@]2(CC=C4[C@@H]3CC[C@@H]5[C@@]4(C[C@H]([C@@H]([C@@]5(C)C(=O)O)O)O)C(=O)O)C)C)C,
O=C(OC)c2c(O)c1ccccc1c3oc(cc23)[C@@]7(Oc4c6c(c(O)c5c4cccc5)C(=O)O[C@H]([C@@H]6C7)C(O)(C)C)C,
CC(=O)O[C@@H]1[C@@H](C[C@@](C23[C@]1([C@@H]([C@@H]([C@H]([C@H]2OC(=O)C)C(O3)(C)C)OC(=O)C4=CC=CC=C4)OC(=O)C5=CC=CC=C5)C)(C)O)O,
COc1cc(cc(c1O[C@H]2[C@@H]([C@H]([C@@H]([C@H](O2)CO)O)O)O)OC)[C@@H]3[C@@H]4CO[C@@H]([C@H]4CO3)c5cc(c(c(c5)OC)O[C@H]6[C@@H]([C@H]([C@@H]([C@H](O6)CO)O)O)O)OC,
CC(=O)O[C@H]1C[C@@H](C(=C)[C@@H]2[C@@]1([C@H]([C@@H]([C@]3([C@@]4(CC(=O)[C@@H]([C@@H]2OC(=O)C)[C@@]3(CO4)C)C)O)OC(=O)C)OC(=O)C)COC(=O)C5=CC=CC=C5)O,
CC[C@H](CC[C@@H](C)[C@H]1CC[C@@H]2[C@@]1(CC[C@H]3[C@H]2CC=C4[C@@]3(CC[C@@H](C4)O[C@H]5[C@@H]([C@H]([C@@H]([C@H](O5)CO)O)O)O)C)C)C(C)C,
CN1CCC2=CC3=C(C4=C2[C@@H]1CC5=CC=C(C=C5)OC6=C(C=CC(=C6)C[C@@H]7C8=CC(=C(C=C8CCN7C)OC)O4)O)OCO3,
CC(=O)O[C@H]1C[C@@H](C(=C)[C@@H]2[C@@]1([C@H]([C@@H]([C@@]3([C@]4(CO[C@@]3(C(=O)C[C@H]4[C@H]2OC(=O)C)C)C)O)OC(=O)C)OC(=O)C)C)OC(=O)/C=C/C5=CC=CC=C5,
CC1C(CC=CC=CC=CC(CC(=O)NC2=CC(=CC(=C2O)CCC=C(C1O)C)O)OC)OC(=O)C3(CC3)NC(=O)C4=CCCCC4,
CC(C)CC(C(=O)N1C(C(=CC1=O)OC)CC2=CC=CC=C2)N(C)C(=O)C(C(C)C)N(C)C(=O)C(C(C)C)NC(=O)C(C(C)C)N(C)C,
CCCCCCC1CCCC(O1)C2CCC(O2)[C@H]3CC[C@@H](O3)[C@@H](CCCCCCCCCCCCC4=C[C@@H](OC4=O)C)O,
,
C/C=C(\C)/C1=CC(=O)C2=C(O1)C3=C(C=C2C)C(=O)C4=C(C3=O)C(=C(C=C4C5CC(C(C(O5)C)O)N(C)C)C6CC(C(C(O6)C)O)(C)N(C)C),
CC1C(=O)NC(C(=O)N(C(C(=O)NC(C(=O)N(C2C(C3=CC=C(C=C3)OC4=C(C=CC(=C4)CC(C(=O)N1)N(C2=O)C)O)O)C)C)CC5=CC=C(C=C5)OC)C)C,
CC[C@]1(CCc2c(c(c3c(c2O)C(=O)c4c(cccc4O)C3=O)O)[C@H]1O[C@H]5C[C@@H]([C@@H]([C@@H](O5)C)O[C@H]6C[C@@H]([C@@H]([C@@H](O6)C)O[C@H]7CC[C@@H]([C@@H](O7)C)O)O)N(C)C)O,
C(\C=C\C=C(\CC/C=C(\C)C)C)(=C/C=C/C(=C/C=C/C=C(/C=C/C=C(/C=C/C=C(\C)CC\C=C(/C)C)C)C)C)C,
[B-]123O[C@]45O[C@H](C([C@@H](C/C=C/[C@H]6O[C@@H]([C@H](C6)OC(=O)[C@H](O1)[C@]7(O2)O[C@H](C([C@@H](C/C=C/[C@H]8O[C@@H]([C@H](C8)OC(=O)[C@@H]4O3)C)O)(C)C)CC[C@H]7C)C)O)(C)C)CC[C@H]5C.[Na+],
C/C=C(\C)/C1=CC(=O)C2=C(O1)C3=C(C=C2C)C(=O)C4=C(C3=O)C(=C(C=C4C5CC(C(C(O5)C)O)N(C)C)C6CC(C(C(O6)C)OC(=O)C)(C)N(C)C)O,
CC1C(C(CC(O1)C2=CC(=C(C3=C2C(=O)C4=C(C3=O)C5=C(C(=C4)C)C(=O)C=C(O5)C6(C(O6)C7C(O7)C)C)O)C8CC(C(C(O8)C)O)(C)N(C)C)N(C)C)O,
O=C(OC(C)(C)C)N[C@@H](c1occc1)[C@@H](O)C(=O)O[C@@H]4C(=C3/[C@@H](O)C(=O)[C@]6([C@H]([C@H](OC(=O)c2ccccc2)[C@@](O)(C3(C)C)C4)[C@@]5(OC(=O)C)[C@H](OC5)C[C@@H]6OC(=O)CC)C)/C,
O=C(N)[C@@H](NC(=O)[C@@H](NC(=O)[C@@H](NC(=O)[C@@H](NC(=O)[C@@H](NC(=O)CNC(=O)CNC(=O)[C@@H](N)Cc1ccc(O)cc1)Cc2ccccc2)CCSC)CCC/N=C(\N)N)CCC/N=C(\N)N)C(C)C,
CN1[C@H]2CSSC[C@@H](C(=O)N([C@H](C(=O)SC[C@H](C(=O)NCC1=O)NC(=O)C3=NC4=CC=CC=C4C=C3O)CSC)C)N(C(=O)CNC(=O)[C@@H](CSC(=O)[C@@H](N(C2=O)C)CSC)NC(=O)C5=NC6=CC=CC=C6C=C5O)C,
P(c1ccccc1)(c2ccccc2)CCP(c3ccccc3)c4ccccc4.P(c5ccccc5)(c6ccccc6)CCP(c7ccccc7)c8ccccc8.N#N.N#N.[Mo],
CCN[C@H]1CO[C@H](C[C@@H]1OC)O[C@@H]2[C@H]([C@@H]([C@H](O[C@H]2O[C@H]3C#C/C=C\C#C[C@]\4(CC(=O)C(=C3/C4=C\CSSSC)NC(=O)OC)O)C)NO[C@H]5C[C@@H]([C@@H]([C@H](O5)C)SC(=O)c6c(c(c(c(c6OC)OC)O[C@H]7[C@@H]([C@@H]([C@H]([C@@H](O7)C)O)OC)O)I)C)O)O,
CC(C)CC(=O)O[C@H]1[C@H](O)[C@@H](CO)O[C@H](O[C@H]2[C@H](O)[C@H](O)[C@@H](Oc3ccc(C[C@H]4NC(=O)[C@@H](NC(=O)CNC(=O)[C@H](CO)NC(=O)[C@H](NC(=O)[C@@H](NC4=O)[C@@H](O)[C@@H]5CN=C(N)N5)[C@@H](O)[C@@H]6CN=C(N)N6[C@H]7O[C@H](O)[C@@H](O)[C@H](O)[C@@H]7O)[C@@H](C)c8ccccc8)cc3)O[C@@H]2CO)[C@H]1O,
O=C(C(\OC)=C)Nc1cc(OC)c(OC)cc1C(=O)OC2CC(OC(C)C2O)OC7C(=O)C(\NC(=O)OC)=C6/C(=C\CSSSC)C7(O)C#C\C=C/C#CC6OC5OC(C)C(NOC3OC(C)C(SC)C(O)C3)C(O)C5OC4OCC(NC(C)C)C(OC)C4,
CC1CCC(C(C(CC(C(/C=C/C(C(C(=O)O[C@@H](C(/C=C/C=C/C(C(C(CC(CC(CC2CC(C(C(O2)(CC1O)O)O)O)OC(=O)CC(=O)O)O)O)C)O)C)[C@@H](C)C[C@@H](C)CCC/C=C/CCCNC(=NC)N)C)O)C)O)O)C)O,
c12c3c4c5c2c2c6c7c1c1c8c3c3c9c4c4c%10c5c5c2c2c6c6c%11c7c1c1c7c8c3c3c8c9c4c4c9c%10c5c5c2c2c6c6c%11c1c1c7c3c3c8c4c4c9c5c2c2c6c1c3c42,
CC1C(C(CC(O1)OC2C3C4C5=NC(=CS5)C(=O)NC(COC(=O)C6=C(CO3)C7=C(COC2=O)C=CC=C7N6O)C8=NC(=CS8)C9=NC(=C(C=C9C1=NC(=CS1)C(=O)NC(C(=O)N/C(=C(\C)/OC)/C1=NC(=CS1)C(=O)N4)C(C)O)O)C1=NC(=CS1)C(=O)NC(=C)C(=O)N)(C)O)N(C)C,
,
,
,
,
,
Oc1cc(cc(O)c1O)C(=O)Oc1cc(cc(O)c1O)C(=O)OC[C@H]1O[C@H](OC(=O)c2cc(O)c(O)c(OC(=O)c3cc(O)c(O)c(O)c3)c2)[C@H](OC(=O)c2cc(O)c(O)c(OC(=O)c3cc(O)c(O)c(O)c3)c2)[C@@H](OC(=O)c2cc(O)c(O)c(OC(=O)c3cc(O)c(O)c(O)c3)c2)[C@@H]1OC(=O)c1cc(O)c(O)c(OC(=O)c2cc(O)c(O)c(O)c2)c1,
CCCCCc1ccc(cc1)/C(=C/C(=O)N[C@@H](Cc2c[nH]c3c2cccc3)C(=O)N[C@H](CC(=O)N)C(=O)N[C@@H](CC(=O)O)C(=O)N[C@H]4[C@H](OC(=O)[C@@H](NC(=O)[C@@H](NC(=O)[C@H](NC(=O)CNC(=O)[C@@H](NC(=O)[C@H](NC(=O)[C@@H](NC(=O)[C@@H](NC(=O)CNC4=O)CCCN)CC(=O)O)C)CC(=O)O)CO)[C@H](C)CC(=O)O)CC(=O)c5ccccc5N)C)/C,
C[C@H]([C@@H](C(=O)N[C@@H](CO)C(=O)N[C@@H](CCC(=O)O)C(=O)N[C@@H](CCCCN)C(=O)N[C@@H](CO)C(=O)N[C@@H](CCC(=O)N)C(=O)N[C@@H]([C@@H](C)O)C(=O)N1CCC[C@H]1C(=O)N[C@@H](CC(C)C)C(=O)N[C@@H](C(C)C)C(=O)N[C@@H]([C@@H](C)O)C(=O)O)NC(=O)[C@H](CCSC)NC(=O)[C@H](CC2=CC=CC=C2)NC(=O)CNC(=O)CNC(=O)[C@H](CC3=CC=C(C=C3)O)N)O,
CCCCCCCCCCCCCCC(=O)N[C@@H](CCCN)C(=O)N[C@@H](C(C)C)C(=O)N[C@H]1[C@H](OC(=O)[C@@H](NC(=O)[C@@H](NC(=O)[C@@H](NC(=O)[C@@H]2CCCN2C(=O)[C@@H](NC(=O)[C@@H](NC(=O)[C@@H](NC(=O)[C@@H](NC(=O)[C@@H](NC(=O)[C@@H](NC1=O)CCCN)CO)C(C)C)CCCCN)CO)[C@@H](C)CC)C(C)C)CCCCN)[C@@H](C)CC)C,
C[C@H]([C@@H](C(=O)N[C@@H](CO)C(=O)N[C@@H](CCC(=O)O)C(=O)N[C@@H](CCCCN)C(=O)N[C@@H](CO)C(=O)N[C@@H](CCC(=O)N)C(=O)N[C@@H]([C@@H](C)O)C(=O)N1CCC[C@H]1C(=O)N[C@@H](CC(C)C)C(=O)N[C@@H](C(C)C)C(=O)N[C@@H]([C@@H](C)O)C(=O)N[C@@H](CC(C)C)C(=O)O)NC(=O)[C@H](CCSC)NC(=O)[C@H](CC2=CC=CC=C2)NC(=O)CNC(=O)CNC(=O)[C@H](CC3=CC=C(C=C3)O)N)O,
CC(C)CC(C(=O)N)NC(=O)C(C(C)C)NC(=O)C(CCC(=O)O)NC(=O)CNC(=O)CNC(=O)C(CC(=O)N)NC(=O)C(C)NC(=O)C(CCC(=O)O)NC(=O)C(CCC(=O)O)NC(=O)C(CCC(=O)O)NC(=O)C(C(C)C)NC(=O)C(CCC(=O)O)NC(=O)C(CC(C)C)NC(=O)C1CCCN1C(=O)C(Cc2ccc(cc2)O)NC(=O)C(CC(C)C)NC(=O)C(CCC(=O)O)NC(=O)C(CC(=O)O)NC(=O)C(CCSC)NC(=O)C(CCCCN)NC(=O)C(CCCCN)NC(=O)C(CCSC)NC(=O)C(Cc3ccccc3)NC(=O)CNC(=O)CNC(=O)C(Cc4ccc(cc4)O)N,
CC[C@H](C)[C@@H](C(=O)N[C@@H]([C@@H](C)CC)C(=O)N[C@@H](CCCCN)C(=O)N[C@@H](CC(=O)N)C(=O)N[C@@H](C)C(=O)N[C@@H](Cc1ccc(cc1)O)C(=O)N[C@@H](CCCCN)C(=O)N[C@@H](CCCCN)C(=O)NCC(=O)N[C@@H](CCC(=O)N)C(=O)O)NC(=O)[C@H](C)NC(=O)[C@H](CC(=O)N)NC(=O)[C@H](CCCCN)NC(=O)[C@H](Cc2ccccc2)NC(=O)[C@H](CC(C)C)NC(=O)[C@H]([C@@H](C)O)NC(=O)[C@H](C(C)C)NC(=O)[C@H](CC(C)C)NC(=O)[C@@H]3CCCN3C(=O)[C@H]([C@@H](C)O)NC(=O)[C@H](CCC(=O)N)NC(=O)[C@H](CO)NC(=O)[C@H](CCCCN)NC(=O)[C@H](CCC(=O)N)NC(=O)[C@H](CO)NC(=O)[C@H]([C@@H](C)O)NC(=O)[C@H](CCSC)NC(=O)[C@H](Cc4ccccc4)NC(=O)CNC(=O)CNC(=O)[C@H](Cc5ccc(cc5)O)N,
C[C@H]([C@@H](C(=O)N[C@@H](CCCNC(=N)N)C(=O)N[C@@H](CO)C(=O)N[C@@H](CCC(=O)N)C(=O)N[C@@H](CCC(=O)O)C(=O)N[C@@H](CC(=O)O)C(=O)N1CCC[C@H]1C(=O)N[C@@H](CC(=O)N)C(=O)N[C@@H](C)C(=O)N[C@@H](Cc2ccc(cc2)O)C(=O)N[C@@H](CO)C(=O)NCC(=O)N[C@@H](CCC(=O)O)C(=O)N[C@@H](CC(C)C)C(=O)N[C@@H](Cc3ccccc3)C(=O)N[C@@H](CC(=O)O)C(=O)N[C@@H](C)C(=O)O)NC(=O)[C@H](C(C)C)NC(=O)[C@H](C(C)C)NC(=O)[C@H](CCCCN)NC(=O)[C@H](Cc4ccccc4)NC(=O)[C@H](CCC(=O)N)NC(=O)[C@H](CCCNC(=N)N)NC(=O)[C@H](CCCNC(=N)N)NC(=O)[C@H](CC(C)C)NC(=O)[C@H](Cc5ccccc5)NC(=O)CNC(=O)CNC(=O)[C@H](Cc6ccc(cc6)O)N)O,
C[C@H](CC[C@@H]([C@@H]([C@H](C)C[C@H](C(=C)/C(=C/CO)/C)O)O)OS(=O)(=O)[O-])[C@H]([C@@H](C)[C@H]1[C@@H]([C@@H]([C@H]2[C@H](O1)[C@@H](C[C@]3([C@H](O2)C[C@H]4[C@H](O3)C[C@]5([C@H](O4)[C@H]([C@H]6[C@H](O5)C[C@H]([C@H](O6)[C@@H]([C@H](C[C@H]7[C@@H]([C@@H]([C@H]8[C@H](O7)C[C@H]9[C@H](O8)C[C@H]1[C@H](O9)[C@H]([C@@H]2[C@@H](O1)[C@@H]([C@H]([C@@H](O2)[C@H]1[C@@H]([C@H]([C@H]2[C@@H](O1)C[C@H]([C@@H](O2)[C@@H](C[C@H](C[C@H]1[C@@H]([C@H]([C@H]2[C@@H](O1)C[C@H]([C@@H](O2)[C@H]1[C@@H](C[C@]2([C@H](O1)[C@@H]([C@]1([C@H](O2)C[C@]2([C@H](O1)CC[C@]1([C@H](O2)C[C@]2([C@H](O1)C[C@H]1[C@H](O2)CC[C@H](O1)[C@]1([C@@H](C[C@H]2[C@](O1)(C[C@H]1[C@](O2)(CC[C@]2([C@H](O1)C[C@H]1[C@](O2)(C[C@H]2[C@H](O1)C/C=C\[C@H]1[C@H](O2)C[C@H]2[C@](O1)(C[C@]1([C@H](O2)C[C@H]2[C@](O1)(CC[C@H](O2)[C@H]([C@@H](C[C@@H](C)[C@@H](C)CC=C)O)O)C)C)C)C)C)C)C)O)C)C)C)C)C)O)C)O)O)O)O)O)O)O)O)O)O)O)O)O)OS(=O)(=O)[O-])O)O)O)O)C)C)O)O)O)O.[Na+].[Na+],
,
,
,
[B-]123B45B16[B-]47B52B376.[Ca+2],
Br[Ca]Br[Ca+2].[Br-].[Br-],
,
,
[Ca+2].[O-]Br(=O)=O.[O-]Br(=O)=O,
,
[Ca+2].[C-]#N.[C-]#N,
[Ca+2].[O-]C([O-])=OC(=O)([O-])[O-].[Ca+2],
[Ca+2].[C-]#[C-],
[Ca+2].[O-]C=O.[O-]C=O,
CC(=O)O[Ca]OC(=O)C[Ca+2].[O-]C(=O)C.[O-]C(=O)C,
C(=O)(C(=O)[O-])[O-].[Ca+2],
[Ca+2].[N-2]C#N[Ca+2].[N-]=C=[N-],
Cl[Ca]Cl[Ca+2].[Cl-].[Cl-]monohydrate: Cl[Ca]Cl.Odihydrate: Cl[Ca]Cl.O.Ohexahydrate: Cl[Ca]Cl.O.O.O.O.O.O,
Cl[O-].[Ca+2].Cl[O-],
,
[Ca+2].[O-]Cl(=O)=O.[O-]Cl(=O)=O,
[Ca+2].O=Cl(=O)(=O)[O-].[O-]Cl(=O)(=O)=O,
[Ca+2].[F-].[F-]F[Ca]F,
[H-].[H-].[Ca+2],
O.O.OP(=O)([O-])[O-].[Ca+2],
,
[SH-].[SH-].[Ca+2],
[Ca]I[Ca+2].[I-].[I-],
,
,
[Ca+2].[O-]I(=O)=O.[O-]I(=O)=O,
,
,
N(=O)[O-].N(=O)[O-].[Ca+2],
[Ca+2].[O-][N+]([O-])=O.[O-][N+]([O-])=O,
[Ca+2].[O-][N+]([O-])=O.[O-][N+]([O-])=O,
,
O=[Ca],
[Ca+2].[OH-].[OH-][OH-].[OH-].[Ca+2],
[Ca+2].[O-][O-],
[Ca][P],
[Ca]=S[Ca+2].[S-2],
[Ca+2].[O-]S([O-])=O,
[Ca+2].[O-]S([O-])(=O)=O,
,
,
,
,
,
,
,
,
[Ca+2].[O-][Ti]([O-])=O,
,
,
,
[O-][As](=O)([O-])[O-].[O-][As](=O)([O-])[O-].[Ca+2].[Ca+2].[Ca+2],
[Ca]=N[Ca]N=[Ca][Ca+2].[Ca+2].[Ca+2].[N-3].[N-3][Ca]=[N-].[Ca+2].[N-]=[Ca],
[Ca+2].[Ca+2].[Ca+2].[P-3].[P-3],
[O-]P(=O)([O-])[O-].[O-]P(=O)([O-])[O-].[Ca+2].[Ca+2].[Ca+2],
[O-2].[O-]P(=O)([O-])[O-].[O-]P(=O)([O-])[O-].[Ca+2].[Ca+2].[Ca+2].[Ca+2],
,
,
Br[Cd]Br,
[Cd+2].[C-]#N.[C-]#N,
,
ionic form: [Cd+2].[O-]C(=O)C.[O-]C(=O)Ccoordination form: O=C(C)O[Cd]OC(C)=O,
C(=O)(C(=O)[O-])[O-],
[Cd+2].[Cl-].[Cl-],
[O-][Cr](=O)(=O)[O-].[Cd+2],
F[Cd]F,
[Cd+2].[I-].[I-],
,
,
[Cd+2].[O-][N+]([O-])=O.[O-][N+]([O-])=O,
,
[Cd]=O,
[Cd+2].[OH-].[OH-],
monomer: [S-2].[Cd+2]hawleyite: [SH+2]12[CdH2-2][SH+2]3[CdH2-2][SH+2]([CdH-2]14)[CdH-2]1[S+2]5([CdH-2]38)[Cd-2]26[SH+2]2[CdH-2]([S+2]4)[SH+2]1[CdH2-2][SH+2]3[CdH-2]2[S+2][CdH-2]([SH+2]6[CdH-2]([SH+2])[SH+2]68)[SH+2]([CdH2-2]6)[CdH-2]35greenockite: [CdH2-2]1[S+2]47[CdH-2]2[S+2][CdH-2]3[S+2]8([CdH2-2][SH+2]([CdH2-2]4)[CdH2-2]6)[CdH-2]4[S+2][CdH-2]5[S+2]6([CdH2-2]6)[Cd-2]78[S+2]78[CdH-2]([SH+2]69)[SH+2]5[CdH2-2][SH+2]4[CdH-2]7[SH+2]3[CdH2-2][SH+2]2[CdH-2]8[SH+2]1[CdH2-2]9greenockite: [CdH2-2]1[SH+2]([CdH2-2]6)[CdH2-2][SH+2]7[CdH-2]2[S+2][Cd-2]3([S+2][CdH-2]9[S+2]5)[S+2]18[Cd-2]45[S+2][CdH-2]5[SH+2]6[Cd-2]78[S+2]78[CdH2-2][SH+2]5[CdH2-2][S+2]4([CdH2-2][SH+2]9[CdH2-2]4)[CdH-2]7[S+2]34[CdH2-2][SH+2]2[CdH2-2]8,
,
[Cd+2].[O-]S([O-])(=O)=O,
,
[Se]=[Cd],
,
,
,
monomer: [Cd]=[Te]crystal form: [TeH+2]12[CdH2-2][TeH+2]3[CdH2-2][TeH+2]([CdH-2]14)[CdH-2]1[Te+2]5([CdH-2]38)[Cd-2]26[TeH+2]2[CdH-2]([Te+2]4)[TeH+2]1[CdH2-2][TeH+2]3[CdH-2]2[Te+2][CdH-2]([TeH+2]6[CdH-2]([TeH+2])[TeH+2]68)[TeH+2]([CdH2-2]6)[CdH-2]35,
,
,
[O-][W](=O)(=O)[O-].[Cd+2],
,
,
[Cd+2].[Cd+2].[Cd+2].[AsH6-3].[AsH6-3],
[Cd+2].[Cd+2].[Cd+2].[P-3].[P-3],
,
,
[Ce+3].[Br-].[Br-].[Br-],
,
[Cl-].[Cl-].[Cl-].[Ce+3],
,
F[Ce](F)(F)F,
[I-].[I-].[Ce+2],
[Ce](I)I,
,
[O-2]=[Ce+4]=[O-2],
,
[Ce+4].[O-]S(=O)(=O)[O-].[O-]S([O-])(=O)=O,
,
,
[O-2].[O-2].[O-2].[Ce+3].[Ce+3],
[S-2].[S-2].[S-2].[Ce+3].[Ce+3],
ClC(F)(F)F,
FC(F)(F)F,0
,
F[Cl](F)F[F-].[F-].F[Cl++],
FCl(F)(F)(F)F,
ClO[Cl](=O)(=O)=O,
O=[Cl]=OO=Cl[O],
,
,
O=[Cl](=O)O[Cl](=O)(=O)=OO=[Cl+]=O.[O-]Cl(=O)(=O)=O,
,
,
,
[O-][Al]=O.[O-][Al]=O.[Co+2],
[As]#[Co],
,
,
[Co](Br)Br,
[Co+2].[C-]#N.[C-]#N,
ionic form: [Co+2].[O-]C(=O)C.[O-]C(=O)Ccoordination form (anhydrate): O=C(C)O[Co]OC(C)=Ocoordination form (tetrahydrate): O=C(C)O[Co-4]([O+H2])([O+H2])([O+H2])([O+H2])OC(C)=O,
,
C(=O)(C(=O)[O-])[O-].[Co+2],
,
Cl[Co]Cl,
,
,
F[Co]F,
F[Co](F)F,
,
[Co+2].[I-].[I-],
,
[Co+2].[O-][N+]([O-])=O.[O-][N+]([O-])=O,
[Co+3].O=[N+]([O-])[O-].[O-][N+]([O-])=O.[O-][N+]([O-])=O,
[Co]=O[Co+2].[O-2],
[Co+2].[OH-].[OH-],
[OH-].[OH-].[OH-].[Co+3],
,
,
,
[Co]=[Se],
,
,
,
,
,
CCCCCCCC/C=C\CCCCCCCC(=O)[O-].CCCCCCCC/C=C\CCCCCCCC(=O)[O-].[Co+2],
[Co+2].[O-]S([O-])(=O)=O,
,
,
,
,
,
,
[Cr+2].[Br-].[Br-],
[Cr+3].[Br-].[Br-].[Br-],
Cl[Cr]Cl,
Cl[Cr](Cl)Cl,
[Cl-].[Cl-].[Cl-].[Cl-].[Cr+4],
[F-].[F-].[Cr+2],
[Cr+3].[F-].[F-].[F-],
[Cr+4].[F-].[F-].[F-].[F-],
F[Cr](F)(F)(F)F,
,
[Cr+2].[I-].[I-],
[Cr](I)(I)I,
[Cr+2].O=N([O-])=O.[O-]N(=O)=O.[O-]N(=O)=O,
,
ionic form: [OH-].[OH-].[OH-].[Cr+++]coordination form: O[Cr](O)O,
O=[Cr]=O,
O=[Cr](=O)=O,
chromate: [O-][Cr](=O)(=O)[O-]dichromate: O=[Cr](=O)([O-])O[Cr](=O)(=O)[O-],
Cl[Cr](Cl)(=O)=O,
[O-]P(=O)([O-])[O-].[Cr+3],
,
[Cr]=[Se],
[Si-]#[Si-].[Cr+2],
,
O=[Cr]O[Cr]=O,
[Cr+3].[Cr+3].[O-]S(=O)(=O)[O-].[O-]S([O-])(=O)=O.[O-]S([O-])(=O)=O.O.O.O.O.O.O.O.O.O.O.O.O,
,
,
,
[Te].[Cr]=[Te].[Cr]=[Te],
,
[Cr]#C[Cr]C#[Cr],
,
,
[Cs+].[Br-],
,
,
,
,
,
[C-]#N.[Cs+],
,
,
[Cs+].[O-]C(=O)C,
[Cs+].[Cl-],
,
,
,
[Cs+].[O-]Cl(=O)(=O)=O,
[F-].[Cs+],7.9
[H-].[Cs+],
,
[Cs+].[I-],
,
,
,
,
,
,
,
[Cs+].[O-][N+]([O-])=O,
[N-]=[N+]=[N-].[Cs+],
,
,
[OH-].[Cs+],
[Cs+].[O-][O],
,
[S-2].[Cs+].[Cs+],
,
,
,
[Cs+].[Cs+].[O-]C([O-])=O,
[Cs+].[O-]C(=O)O,
,
,
,
OS(=O)(=O)[O-].[Cs+],
C(=O)(C(=O)[O-])[O-].[Cs+].[Cs+],
[Cs+].[Cs+].[O-][Cr]([O-])(=O)=O,
,
,
,
,
,
[Cs+].[Cs+].[O-]S([O-])(=O)=O,
,
,
O=[Ti](O[Cs])O[Cs],
,
,
,
,
,
,
Br[Cu],1.46
,
[Cu+2].[Br-].[Br-],
C(=O)(C(=O)O)O.[Cu+2],
,
[O+]1C(C)O[Cu-3]23([OH2+])[O+]C(C)O[Cu-3]1([OH2+])(OC(C)[O+]2)OC(C)[O+]3,
Cl[Cu],
,
Cl[Cu]Cl[Cu+2].[Cl-].[Cl-],
F[Cu][Cu]F,
[Cu+2].[F-].[F-],
,
,
,
[O-]S(=O)(=O)[O-].[Cu+2],
[Cu]I,
,
,
,
[Cu+2].[O-][N+]([O-])=O.[O-][N+]([O-])=O,
[Cu+2].[O-][N+]([O-])=O.[O-][N+]([O-])=O,
,
,
[Cu]=O[Cu+2].[O-2],
[Cu]O[Cu][Cu+].[Cu+].[O-2],
[Cu+2].[OH-].[OH-],
C(=O)([O-])[O-].[OH-].[OH-].[Cu+2].[Cu+2],
[Cu]=S,
,
[O-]S(=O)(=O)[O-].[Cu+2],
[O-]S(=O)(=O)[O-].[Cu+2],
,
,
,
,
[Cu]=[Te],
,
,
,
,
,
[Cu+].[Cu+].[S-2],
,
[Cu].[Cu].[Te],
,
[Cu+].[Cu+].[Cu+].[PH6-3],
[O-]P(=O)([O-])[O-].[O-]P(=O)([O-])[O-].[Cu+2].[Cu+2].[Cu+2],
,
,
[2H]Br,
,
[H-].[Li+],6.0
,
[2H]O[2H],1.87
,
[Br-].[Br-].[Br-].[Dy+3],
[Cl-].[Cl-].[Dy],
Cl[Dy](Cl)Cl,
,
O=[Dy]O[Dy]=O,
,
Cl[Er](Cl)Cl,
,
,
,
,
,
,
Cl[Eu]Cl,
Cl[Eu](Cl)Cl,
,
,
[Eu]I,
,
,
[O-2].[Eu+2],
,
,
,
,
,
[O-]S(=O)(=O)[O-].[Eu+2],
,
,
,
O=[Eu]O[Eu]=O,
,
,
,
,
,
,
,
,
FI,
,
,
,
[Li+].[F-],
,
,
,
,
,
,
[F+]=[N-],
FN=O,
[N+](=O)([O-])F,
FO[N+](=O)[O-],
FS#N,
,
,
,
,
,
,
,
,
,
,
,
,
,
[Rb+].[F-],
,
,
,
,
,
,
,
F[Tl],
,
,
,
F[Zr](F)(F)F,
,
,
,
,
F[Ge]F,
,
F[Hg]F,
F[Hg][Hg]F,
,
,
,
F[Kr]F,0
,
[Li+].[F-],
F[Mg]F[Mg+2].[F-].[F-],
,
,
,
[N](F)F,
,
,
,
F[Ni]F,
FOF,
FS(F)=O,
,
,
FOOF,
FS(F)(=O)=O,
,
,
FP(F)P(F)F,
F[Pb]F,
,
,
FSF,
,
,
FS(=S)F,
FS(=S)F,
,
,
,
,
,
[Sr+2].[F-].[F-],
,
,
,
,
F[Xe]F,0
,
F[Zn]F,
F[Zr](F)(F)F,
F[Fe](F)F,
F[Ga](F)F,
,
,
F[La](F)F,
,
,
[Mn+3].[F-].[F-].[F-],
,
,
,
FN(F)F,0.234
,
,
,
FS(F)(F)#N,
,
,
F[P+](F)(F)[O-]FP(F)(F)=O,
,
,
FP(F)F,1.03
[4]: FP(F)(F)=S,
,
[F-].[F-].[F-].[Pu+3],
,
F[S](F)F,
,
F[Sb](F)F,
F[Sc](F)F,
,
F[Sm](F)F,
,
,
F[Ti](F)F,
[F-].[F-].[F-].[Tl+3],
,
,
F[Y](F)F,
F[Yb](F)F,
,
F[Ge](F)(F)F,
,
,
,
F[Mg]F[Mg+2].[F-].[F-],
[Mo+4].[F-].[F-].[F-].[F-],
,
,
FN(F)N(F)F,
,
,
,
,
O=S(F)(F)(F)F,
,
,
FP(F)P(F)F,
F[Pb](F)(F)F,
F[Pt](F)(F)F,
,
FS(F)(F)F,0.632
,
F[Se](F)(F)F,
F[Si](F)(F)F,0
,
,
F[U](F)(F)F,
F[W](F)(F)F,
F[Xe](F)(F)F,0
F[Zr](F)(F)F,
FI(F)(F)(F)F,
F[Mo](F)(F)(F)F,
,
FP(F)(F)(F)F,0
,
FS(F)(F)(F)(F)S(F)(F)(F)(F)F,
F[Sb](F)(F)(F)F,
F[Ta](F)(F)(F)F,0
[U+5].[F-].[F-].[F-].[F-].[F-],
F[W](F)(F)(F)F,
,
,
F[Mo](F)(F)(F)(F)F,0
,
F[Os](F)(F)(F)(F)F,
F[Pu](F)(F)(F)(F)F,0
F[Re](F)(F)(F)(F)F,
FS(F)(F)(F)(F)F,0
F[Se](F)(F)(F)(F)F,0
,
,
F[Te](F)(F)(F)(F)F,0
F[U](F)(F)(F)(F)F,0
F[W](F)(F)(F)(F)F,
F[Xe](F)(F)(F)(F)F,
FI(F)(F)(F)(F)(F)F,
,
F[Re](F)(F)(F)(F)(F)F,
,
,
FS(F)(F)(F)(F)S(F)(F)(F)(F)F,
,
,
[Fe+2].[Br-].[Br-],
[Fe](Br)(Br)Br,
,
,
[Fe+2].O=C([O-])-C([O-])=O,
O=C=[Fe](=C=O)(=C=O)(=C=O)=C=O,0
[CH-]1C=CC=C1.[CH-]1C=CC=C1.[Fe+2],
Cl[Fe]Cl,
Cl[Fe](Cl)Cl,
,
[Fe+2].[F-].[F-],
,
,
,
,
[Fe+3].[I-].[I-].[I-],
,
[Fe]=O,
,
,
,
O[Fe]O,
O=[Fe]O,
,
anhydrous: [O-]S(=O)(=O)[O-].[Fe+2],
(anhydrous): [O-][Se](=O)(=O)[O-].[Fe+2](pentahydrate): [O-][Se](=O)(=O)[O-].[Fe+2].O.O.O.O.O,
,
,
[O-]P(=O)([O-])[O-].[Fe+3],
,
,
,
[Fe]=[Se],
,
,
,
,
,
,
,
,
,
[Fe+3].[Fe+3].[O-]S(=O)(=O)[O-].[O-]S([O-])(=O)=O.[O-]S([O-])(=O)=O,
,
,
,
,
O1[Fe]2O[Fe]O[Fe]1O2,
,
[Fe+3].O=P([O-])([O-])OP(=O)([O-])[O-].[Fe+3].O=P([O-])([O-])OP(=O)([O-])[O-].[Fe+3].O=P([O-])([O-])OP(=O)([O-])[O-].[Fe+3],
,
[Ga]#[As][Ga+3].[As-3],
,
Br[Ga](Br)Br,
CC(=O)O[Ga](OC(=O)C)OC(=O)C,
,
monomer: Cl[Ga](Cl)Cldimer: Cl[Ga-]1(Cl)[Cl+][Ga-]([Cl+]1)(Cl)Cl,
,
,
[Ga](I)I,
[Ga]#N[Ga+3].[N-3],
[Ga+3].[OH-].[OH-].[OH-],
,
[Ga]#[Sb][Ga+3].[Sb-3],
[Ga]=[Te],
O=[Ga]O[Ga]=O,
,
[S-2].[S-2].[S-2].[Ga+3].[Ga+3],
[Ga]=[Te].[Ga]=[Te].[Te],
,
,
,
,
[Ge]=O,
F[ArH],
[AtH],
Br,
OBr,
O[Br+][O-],
O[Br+2]([O-])[O-]O=Br(=O)O,
O[Br+3]([O-])([O-])[O-],
C#C,
C#N,2.98
[O-][N+]#C,
O=CN,
H-C(=O)([O-]),
O=CO,1.41
O=CO.NC(=O)O.N,
OC([O-])=O,
CC(O)C(=O)O,
c1cc[nH+]cc1,
,
,
,
,
OCl,
O[Cl+][O-],
O[Cl+2]([O-])[O-],
O[Cl+3]([O-])([O-])[O-],
[2H]O,
F[F-].[OH3+],
,
O,
[O-][I+][O-],
O[I+2]([O-])[O-],
(orthoperiodic): OI(=O)(O)(O)(O)O(metaperiodic): O[I+3]([O-])([O-])[O-],
socyanic acid: O=C=NCyanic acid: OC#N,
N=O,
O=NO,
[N+](=O)(O)[O-]ON(=O)=O,2.17
[N-]=[N+]=NN#[N+][N-H],
OBr,
OCl,
OF,
OC(=O)C(=O)O,
[O-]P([O-])([O-])=O[O-]P(=O)([O-])[O-]O=P([O-])([O-])[O-][O-] [P+]([O-])([O-])[O-],
,
(=O)(=O)([O-])[O-],
,
,
N#CC=C,
C=O,2.330
O=C(O)O,
C=S=O,
OC(=O)C(=O)O,
O=C(O)C(O)C(O)C(=O)O,
OC(=O)c1ccccc1C(=O)O,
O[Cr](O)(=O)=OO=[Cr](=O)(O)O,
C(C(=O)O)NZwitterion: C(C(=O)[O-])[NH3+](HCl): C(C(=O)O)N.Cl,
ON=NO,
NN,1.85
,
OO,2.26
O=[SiH]O,
[O-]P([O-])([O-])=O[O-]P(=O)([O-])[O-]O=P([O-])([O-])[O-][O-] [P+]([O-])([O-])[O-],
,0.97
O[S](=O)OTautomer: O[S+](O)[O-],
OS(=O)(=O)O,
OS(S)=O,
O=S(=S)(O)O,
O=S(O)S(=O)O,
O=S(=O)(O)S(=O)O,
O=S(=O)(O)S(=O)(=O)O,
,
O=S(=O)(OOS(=O)(=O)O)O,
O[Se+]([O-])O,
O[Se+2]([O-])([O-])O,
,
O[Te+]([O-])O,
O[Ti](O)(O)O,
O[As+](O)([O-])O,
CCC,0.083
,
[OH3+],
O[PH2]=O,
OP(=O)OOP(O)O,
OP(=O)(O)O,
,
O[Te](O)(O)(O)(O)O,0
Br[Hf](Br)(Br)Br,
[F-].[F-].[F-].[F-].[Hf+4],
,
,
,
,
Br[Hg][Hg]Br,
,
ionic form: [Hg+2].[O-]C(=O)C.[O-]C(=O)Ccoordination form: O=C(C)O[Hg]OC(C)=O,
,
,
,
Cl[Hg]Cl,
,
[Hg]I,
,
[O-][N+]#C[Hg]C#[N+][O-],
,
[Hg]=O,
[Hg+2].[OH-].[OH-],
[S]=[Hg],
C(#N)[S-].C(#N)[S-].[Hg+2],
[Se]=[Hg],
,
[Te]=[Hg],
,
,
Br[Hg][Hg]Br,
Cl[Hg][Hg]Cl,
[Hg][Hg]I,
,
,
BrI,
BrI(Br)Br,
ClI,
monomer: ClI(Cl)Cldimer: Cl[I-]1(Cl)[Cl+][I-]([Cl+]1)(Cl)Cl,
,
,
,
O=I(=O)OI(=O)=O,
,
[In+3].[As-3][In]#[As],
[In]Br[In+].[Br-],
,
,
Br[In](Br)Br,
,
,
Cl[In](Cl)Cl,
,
,
,
,
,
,
[OH-].[OH-].[OH-].[In+3],
[In+3].[P-3][In]#P,
,
,
[In]#[Sb],
,
[O-2].[O-2].[O-2].[In+3].[In+3],
,
=[In]S[In]=S,
,
[In]=[Te].[In]=[Te].[Te],
,
[O-]S(=O)(=O)[O-].[O-]S(=O)(=O)[O-].[Al+3].[K+],
[O-][As]=O.[K+],
,
[K+].[Br-],10.41
,
,
[K+].[O-]Br(=O)=O,
[O-]Br(=O)(=O)=O.[K+],
[K+].[C-]#N,
C(#N)[O-].[K+],
[K+].[C-]#[N+][O-],
C(#N)[S-].[K+],
[Cl-].[K+],
[K+].[O-]Cl,
,
[K+].[O-]Cl(=O)=O,
[K+].[O-]Cl(=O)(=O)=O,
[O-][Cr](=O)(=O)[O-].[K+].[K+],
[K+].[K+].[O-][Cr](=O)(=O)O[Cr]([O-])(=O)=O,
,
,
[K+].[K+].[O-]P([O-])(=O)O,
,
[K+].[K+].[K+].O=C([O-])CC(O)(C([O-])=O)CC(=O)[O-],
,
[K+].[K+].[K+].[O-]P([O-])([O-])=O,
[F-].[K+],
,
[H-].[K+],
[K+].[O-]C(=O)O,
[SH-].[K+],
OS(=O)[O-].[K+],
OS(=O)(=O)[O-].[K+],
OP(O)[O-].[K+],
[K+].OP(O)([O-])=O,
,
,
,
[K+].[O-]I(=O)=O,
[K+].[O-]I(=O)(=O)=O,
[K+].[O-][Mn](=O)(=O)=O,
[K+].[O-][N+]([O-])=O,
[K+].[O-]N=O,
C(=O)([O-])[O-].[K+].[K+],
[O-][Mn](=O)(=O)[O-].[K+].[K+],
,
[O-][Nb](=O)=O.[K+],
O([K])[K],
[O-][O-].[K+].[K+],
[S-2].[K+].[K+],
[O-]S(=O)(=S)[O-].[K+].[K+],
[K+].[K+].[O-]S(=O)S([O-])(=O)=O,
[O-]S(=O)(=O)OOS(=O)(=O)[O-].[K+].[K+],
[O-]S(=O)[O-].[K+].[K+],
[K+].[K+].[O-]S([O-])(=O)=O,
[K+].[OH-],
Br[La](Br)Br,
Cl[La](Cl)Cl,
[La](I)I,
[O-2].[O-2].[O-2].[La+3].[La+3],
[OH-].[OH-].[OH-].[La+3],
,
,
[Li+].[AlH4-],
,
[Li+].[BH4-],
[Li+].[Br-],
,
,
,
,
,
[Li+].[Cl-],7.13
[Li+].[O-]Cl,
,
[Li+].[O-]Cl(=O)=O,
[Li+].[O-]Cl(=O)(=O)=O,
[Li+].[C-]#N,
,
,
[Li+].[F-],
[H-].[Li+],6.0
[Li+].C(=O)(O)[O-],
,
,
,
,
,
,
[Li+].[I-],
,
,
[Li+].[O-]I(=O)=O,
,
,
,
[Li+].[O-][Nb](=O)=O,
[Li+].N(=O)[O-],
[Li+].[N+](=O)([O-])[O-],
,
[Li+].[OH-],4.754
,
,
,
,
[Li+].[Li+].[O-]C([O-])=O,
,
,
,
,
,
[Li+].[Li+].[O-][Mo]([O-])(=O)=O,
,
,
,
[Li+].[Li+].[O-2],
[Li+].[Li+].[O-][O-],
[Li+].[Li+].[S-2][Li+].[Li+].[S-2],
[Li+].[O-]S(O)=O,
[Li+].[Li+].[O-]S(=O)(=O)[O-],
,
,
[Li+].[Li+].[O-][Si](=O)[O-],
,
,
[Li+].[Li+].[O-2].[O-2].[O-2].[Ti+4],
[Li+].[Li+].[O-2].[O-2].[O-2].[Ti+4],
[Li+].[Li+].[O-][W](=O)(=O)[O-],
,
,
,
,
,
[Mg+2].[Br-].[Br-],
,
,
,
,
,
,
[Mg+2].[O-]C([O-])=O,
C(=O)(C(=O)[O-])[O-].[Mg+2],
,
,
Cl(=O)(=O)[O-].Cl(=O)(=O)[O-].[Mg+2](dihydrate): O.O.[Mg+2].[O-]Cl(=O)=O.[O-]Cl(=O)=O(hexahydrate): O.O.O.O.O.O.[O-]Cl(=O)=O.[O-]Cl(=O)=O.[Mg+2],
,
[Mg+2].O=Cl(=O)(=O)[O-].[O-]Cl(=O)(=O)=O,
Cl[Mg]Cl[Mg+2].[Cl-].[Cl-],
[O-][Cr](=O)(=O)[O-].[Mg+2],
,
F[Mg]F[Mg+2].[F-].[F-],
O=P([O-])(O)[O-].[Mg+2],
[Mg]I[Mg+2].[I-].[I-],
,
,
,
,
,
,
,
[N+](=O)([O-])[O-].[N+](=O)([O-])[O-].[Mg+2],
,
,
O=[Mg],6.2
[Mg+2].[OH-].[OH-],
[Mg].[Po],
[Mg+2].[S-2],
,
[Mg+2].[O-]S([O-])(=O)=O,
,
,
,
,
,
,
,
,
,
,
,
,
,
,
,
,
,
,
(anhydrous): [Mn](Br)Br(tetrahydrate): O.O.O.O.[Mn+2].[Br-].[Br-],
,
,
,
[Mn+2].[O-]C([O-])=O,
Cl[Mn]Cl,
F[Mn]F,
[Mn+2].[I-].[I-],
,
[N+](=O)([O-])[O-].[N+](=O)([O-])[O-].[Mn+2],
,
,
[OH-].[OH-].[Mn+2],
,
O=[Mn]=O,
[O-][Mn](=O)(=O)=O,
,
,
[Mn]=[Te],
,
O=[Mn]O[Mn]=O,
,
[Mn]=O.O=[Mn]O[Mn]=O,
,
,
Br[Mo]Br,
Br[Mo](Br)Br,
Cl[Mo]Cl,
Cl[Mo](Cl)Cl,
Cl[Mo](Cl)(Cl)(Cl)ClCl1[Mo](Cl)(Cl)(Cl)(Cl)Cl[Mo]1(Cl)(Cl)(Cl)Cl,
,
O=[Mo](=O)=O,
,
[Se]=[Mo]=[Se],
=[Mo]=S,
ClN(Cl)Cl,0.6
ClNCl,
NCl,
,
NCCN,
NCC#N,
O=C(O)N,
C(=O)(N)N,4.56
OS(=O)(=O)c1ccc(N)cc1,
NO,0.67553
C(=O)(N)N,4.56
C(=O)([NH3+])N.[O-]Cl(=O)(=O)=O,
N,1.42
[NH4+],
N,1.42
[Br-].[NH4+],
[O-]C(=O)N.[NH4+],
O=C(O)O.N.N[NH4+].[NH4+].[O-]C(=O)[O-],
[Cl-].[NH4+],
[O-]Cl(=O)(=O)=O.[NH4+],
[SH-].[NH4+],
,
[O-][N+]([O-])=O.[NH4+],
[O-]C(=O)N.[NH4+],
[OH2].[NH3],
[Ce+4].O=[N+]([O-])[O-].[O-][N+]([O-])=O.[O-][N+]([O-])=O.[O-][N+]([O-])=O.[O-][N+]([O-])=O.[O-][N+]([O-])=O.[NH4+].[NH4+],
[O-]P([O-])([O-])=O.[NH4+].[NH4+].[NH4+],
[NH4+].[NH4+].[O-][Cr](=O)(=O)[O-],
,
,
,
O=S(=O)(O)O.N.N,
N(I)I,
[N]=O,
ClN=O,1.90
BrN=O,
,
N(=O)[O][N+](=O)[O-],
N(=O)[O-],
[NH+](=O)[O-].[Cl-],
[N+](=O)([O-])[O-],
,
,
N=N,
NN,1.85
N#[N+][O-][N-]=[N+]=O,0.166
[O-][N+](=O)N=O,2.122
[O-][N+](=O)[N+]([O-])=O,
[O-][N+](=O)O[N+]([O-])=O,1.39
,
,
[O-][As]=O.[Na+],
O[As](=O)(O)[O-].[Na+],
,
[Na+].[Na+].[O-][Cr](=O)(=O)O[Cr]([O-])(=O)=O,
,
anhydrous: [Na+].[Br-],
,
[O-]Br=O.[Na+][3][4][5],
[Na+].[O-]Br(=O)=O,
[O-]Br(=O)(=O)=O.[Na+],
[C-]#N.[Na+],
C(#N)[O-].[Na+],
,
,
[Na+].[O-]C(=O)c1ccccc1,
C(C(=O)O)C(CC(=O)O)(C(=O)[O-])O.[Na+],
,
[Na+].[Cl-],
[Na+].[O-]Cl=O,
[Na+].[O-]Cl(=O)=O,
[Na+].[O-]Cl(=O)(=O)=O,
,
,
[H-].[Na+],
[Na+].[O-]C=O,
[Na+].OC([O-])=O,
[Na+].[SH-],
[Na+].[O-]S(=O)O,
[Na+].[O-]S(=O)(=O)O,
,
[Na+].[O-]P(=O)(O)O,
[Na+].[I-],
,
,
[Na+].[O-]I(=O)=O,
[O-]I(=O)(=O)=O.[Na+],
,
N(=O)[O-].[Na+],
[Na+].[O-][N+]([O-])=O,
,
,
[Na+].[O-]Cl,
[OH-].[Na+],
,
[Na+].[Na+].[O-][Se]([O-])=O,
,
[O-][V](=O)=O.[Na+],
[Na+].[Na+].[O-]C([O-])=O,
C(=O)(C(=O)[O-])[O-].[Na+].[Na+],
C(C(=O)[O-])C(CC(=O)[O-])(C(=O)O)O.[Na+].[Na+],
,
,
OP(=O)([O-])[O-].[Na+].[Na+],
,
N(=N[O-])[O-].[Na+].[Na+]trans-form: [Na+].[O-]/N=N/[O-].[Na+]cis-form: [Na+].[O-]\N=N/[O-].[Na+],
[O-][O-].[Na+].[Na+],
[O-2].[Na+].[Na+],
[Na+].[Na+].[S-2],
[O-]S(=O)[O-].[Na+].[Na+],
[Na+].[Na+].[O-]S([O-])(=O)=O,
[Na+].[Na+].[O-]S([O-])(=O)=S(pentahydrate): O.O.O.O.O.O=S([O-])([O-])=S.[Na+].[Na+],
[O-]S(=O)S(=O)(=O)[O-].[Na+].[Na+],
[Na+].[Na+].O=S(=O)([O-])OOS([O-])(=O)=O,
[Na+].[Na+].[S-]SS[S-],
[Na+].[Na+].[O-][Se]([O-])=O,
[O-][Se](=O)(=O)[O-].[Na+].[Na+],
[Na+].[Na+].[O-][Te]([O-])=O,
,
[O-][Ti](=O)O[Ti](=O)O[Ti](=O)[O-].[Na+].[Na+],
,
[OH-].[OH-].[OH-].[OH-].[Na+].[Na+].[Zn+2],
[OH-].[OH-].[OH-].[OH-].[Na+].[Na+].[Zn+2],
,
,
(anhydrous): [O-][As](=O)([O-])[O-].[Na+].[Na+].[Na+](heptahydrate): O.O.O.O.O.O.O.[O-][As](=O)([O-])[O-].[Na+].[Na+].[Na+](dodecahydrate): O.O.O.O.O.O.O.O.O.O.O.O.[O-][As](=O)([O-])[O-].[Na+].[Na+].[Na+],
,
[O-][V](=O)([O-])[O-].[Na+].[Na+].[Na+],
C(C(=O)[O-])C(CC(=O)[O-])(C(=O)[O-])O.[Na+].[Na+].[Na+],
,
[O-]P(=O)([O-])[O-].[Na+].[Na+].[Na+],
,
[Br-].[Br-].[Br-].[Br-].[Br-].[Nb+5],
"[Cl-].[Cl-].[Cl-].[Nb+3]1,2-dimethoxyethane complex: COCCOC.Cl[Nb](Cl)Cl",
Cl[Nb](Cl)(Cl)(Cl)Cldimer: Cl[Nb-]1(Cl)(Cl)(Cl)[Cl+][Nb-]([Cl+]1)(Cl)(Cl)(Cl)Cl,
[Nb](I)(I)(I)(I)I,
,
O-][As](=O)([O-])[O-].[Nd+3],
[Nd+3].O=C([O-])C.[O-]C(=O)C.[O-]C(=O)C,
[Cl-].[Cl-].[Nd+2],
[I-].[I-].[Nd+2],
[Nd](I)I,
[Nd+3].[OH-].[OH-].[OH-],
O=[Nd]O[Nd]=O,
,
,
[Ni+2].[Br-].[Br-],
,
,
[Ni+2].[O-]C([O-])=O,
[O+]#C[Ni-4](C#[O+])(C#[O+])C#[O+],
,
Cl[Ni]Cl,
,
[Ni](I)I,
,
,
,
,
[O-2].[Ni+2],
[Ni+2].[OH-].[OH-],
,
[Ni+2].[O-]S([O-])(=O)=O,
[Ni]=S[Ni+2].[S-2],
,
,
,
,
,
,
,
,
,
[V+2].[O-2],
,
O=[O-],
ion: [O-][O-],
FOF,
FOOF,
O=[Ti]=O,
,
[OH-],
[O-][O+]=O,0.53
[O-]O[O][O-][O+][O-],
O=[U](=O)=O,
ClP(Cl)Cl,0.97
ClP(Cl)(Cl)(Cl)Cl,0
O=P(Cl)(Cl)Cl[O-][P+](Cl)(Cl)Cl,2.54
P(P(I)I)(I)I,
molecular form: O=P13OP2(=O)OP(=O)(O1)OP(=O)(O2)O3crystal o′ form: P12(=O)OP3(=O)OP4(=O)OP5(=O)OP6(=O)OP(=O)(O1)OP7(=O)OP(=O)OP(=O)OP(=O)(O2)OP(=O)OP(=O)OP(=O)(O3)OP(=O)OP(=O)OP(=O)(O4)OP(=O)OP(=O)OP(=O)(O5)OP(=O)OP(=O)OP(=O)(O6)OP(=O)OP(=O)(O7)O,
P(=S)SP=S,
,
[N].[N].[N].[N].[N].[P].[P].[P],
P,0.58
O=P(Cl)(Cl)Cl[O-][P+](Cl)(Cl)Cl,2.54
Cl[Pb]Cl,
Cl[Pb](Cl)(Cl)Cl,
O[As](=O)([O-])[O-].[Pb+2],
[Pb]I,
[O-]I(=O)=O.[O-]I(=O)=O.[Pb+2],
,
[N+](=O)([O-])[O-].[N+](=O)([O-])[O-].[Pb+2],
[OH-].[OH-].[Pb+2],
[OH-].[OH-].[OH-].[OH-].[Pb+4],
C(=O)(C(=O)[O-])[O-].[Pb+2],
,
,
F[Pb]F,
O=[Pb],
,
[Pb]=S,3.59
[O-]S(=O)(=O)[O-].[PbH4+2],
,
[Br-].[Br-].[Po+2],
Cl[Po]Cl,
[Cl-].[Cl-].[Cl-].[Cl-].[Po],
F[Po](F)(F)(F)(F)F,
[PoH2],
[Po+2].[O-2],
,
,
Cl[Ra]Cl,
[Rb+].[Br-],
,
,
,
,
[Rb+].[Cl-],
,
,
,
[Rb+].[O-]Cl(=O)(=O)=O,
[C-]#N.[Rb+],
,
,
[Rb+].[F-],
[H-].[Rb+],
,
,
,
[Rb+].[I-],
,
,
,
,
[Rb+].[OH-],
[Rb+].[O-2].[Rb+],
[Rb+].[Rb+].[O-][O-],
[Rb+].[Rb+].[O-]C([O-])=O,
[S-2].[Rb+].[Rb+],
,
[O-]S(=O)(=O)[O-].[Rb+].[Rb+],
,
,
,
,
,
,
,
,
,
[Rb+].[O-][N+]([O-])=O,
F[Rn]F,
Cl[Ru](Cl)Cl[Cl-].[Cl-].[Cl-].[Ru+3],
F[Ru](F)(F)(F)(F)F,
O=[Ru](=O)(=O)=O,
[S-]C#N,
FS(F)(F)F,0.632
FS(F)(F)(F)(F)F,0
FS(F)=O,
O=S=O,1.62
ClS(Cl)(=O)=O,
FS(F)(=O)=O,
,
monomer: O=S(=O)=Oγ-trimer: O=S0(=O)OS(=O)(=O)OS(=O)(=O)O0α/β polymer: OS(=O)(=O)OS(=O)(=O)OS(=O)(=O)OS(=O)(=O)OS(=O)(=O)OS(=O)(=O)OS(=O)(=O)OS(=O)(=O)OS(=O)(=O)OS(=O)(=O)OS(=O)(=O)OS(=O)(=O)OS(=O)(=O)OS(=O)(=O)OS(=O)(=O)OS(=O)(=O)OS(=O)(=O)OS(=O)(=O)OS(=O)(=O)OS(=O)(=O)OS(=O)(=O)OS(=O)(=O)OS(=O)(=O)OS(=O)(=O)OS(=O)(=O)OS(=O)(=O)OS(=O)(=O)OS(=O)(=O)OS(=O)(=O)OS(=O)(=O)O(monohydrate): O.O=S(=O)=O,
,
(=O)(=O)([O-])[O-],
,
[O-]S(=O)(=S)[O-],
,
[Br-].[Br-].[Br-].[SbH3+3]Br[Sb](Br)Br,2.47
Cl[Sb](Cl)Cl,3.93
[Cl-].[Cl-].[Cl-].[Cl-].[Cl-].[SbH3+3][SbH3+3].[Cl-].[Cl-].[Cl-].[Cl-].[Cl-],0
,
,
,
O=[Sb]O[Sb]=O,
O=[Sb](=O)O[Sb](=O)=O,
=[Sb]S[Sb]=S,
[SbH3+3].[SbH3+3].[Se-2].[Se-2].[Se-2],
,
[Te]=[Sb][Te][Sb]=[Te][Sb+3].[Sb+3].[Te-2].[Te-2].[Te-2],
O=[Sc]O[Sc]=O,
Br[Se](Br)(Br)Br,
Cl[Se][Se]Cl,
Cl[Se](Cl)(Cl)Cl,
O=[Se](Cl)Cl,
,
monomer: O=[Se]=Opolymer: O[Se](=O)O[Se](=O)O[Se](=O)O[Se](=O)O[Se](=O)O[Se](=O)O[Se](=O)O[Se](=O)O[Se](=O)O[Se](=O)O[Se](=O)O[Se](=O)O[Se](=O)O[Se](=O)O[Se](=O)O,
[O-][Se+2]([O-])([O-])[O-],
,
Br[Si](Br)(Br)Br,
[C-]#[Si+],
[Si](Cl)(Cl)(Cl)Cl,
[SiH4],0
[Si](I)(I)I,
,
,
,
N13[Si]25N4[Si]16N2[Si]34N56,
,
,
Br[Sn]Br,
,
,
Br[Sn](Br)(Br)Br,
,
,
Cl[Sn]Cl,
,
Cl[Sn](Cl)(Cl)Cl,
,
[Sn](I)(I)(I)I,
[OH-].[OH-].[Sn+2],
(O=Sn=O): O=[Sn]=O,
O=[Sn],
(O=Sn=O): O=[Sn]=O,
,
=[Sn],
[S-2].[S-2].[Sn+4](S=Sn=S): S=[Sn]=S,
,
[Se]=[Sn],
,
,
,
,
,
[Sr+2].[Br-].[Br-],
,
[Sr+2].[O-]C([O-])=O,
[Sr+2].[Cl-].[Cl-],
,
,
[O-]Cl(=O)=O.[O-]Cl(=O)=O.[Sr+2],
[O-]Cl(=O)(=O)=O.[O-]Cl(=O)(=O)=O.[Sr+2],
[Sr+2].[O-]C(=O)C([O-])=O,
[Sr+2].[F-].[F-],
,
,
[Sr]I[Sr+2].[I-].[I-],
,
,
,
,
,
,
,
,
[O-2].[Sr+2],
[Sr+2].[OH-].[OH-],
,
=[Sr],
,
,
,
,
,
[3H]O[3H],
,
Br[Ta](Br)(Br)(Br)Br,
Cl[Ta](Cl)(Cl)(Cl)Cl,
[I-].[I-].[I-].[I-].[I-].[Ta+5],
,
,
[Te].[Te].[Br],
Br[Te](Br)(Br)Br,
Cl[Te](=[Te])(=[Te])Cl,
Cl[Te](Cl)(Cl)Cl,2.59
,
[Te](I)(I)(I)I,
O=[Te]=O,
,
,
,
(anhydrous): [N+](=O)([O-])[O-].[N+](=O)([O-])[O-].[N+](=O)([O-])[O-].[N+](=O)([O-])[O-].[Th+4](tetrahydrate): [N+](=O)([O-])[O-].[N+](=O)([O-])[O-].[N+](=O)([O-])[O-].[N+](=O)([O-])[O-].O.O.O.O.[Th+4](pentahydrate): [N+](=O)([O-])[O-].[N+](=O)([O-])[O-].[N+](=O)([O-])[O-].[N+](=O)([O-])[O-].O.O.O.O.O.[Th+4](hexahydrate): [N+](=O)([O-])[O-].[N+](=O)([O-])[O-].[N+](=O)([O-])[O-].[N+](=O)([O-])[O-].O.O.O.O.O.O.[Th+4],
O=[Th]=O,
,
[Ti](Br)(Br)(Br)Br,0
,
,
Cl[Ti](Cl)(Cl)Cl,0
,
O=[Ti]=O,
,
Br[Tl],
,
,
,
,
Cl[Tl],
,
F[Tl],
[Tl],
,
,
[Ti](I)(I)(I)I,0
,
[Tl+].[O-][N+](=O)[O-],
[Tl+].[OH-],
,
,
,
,
,
,
,
Cl[Tm](Cl)Cl,
[N+](=O)([O-])[O-].[N+](=O)([O-])[O-].[N+](=O)([O-])[O-].[Tm+3]pentahydrate: [N+](=O)([O-])[O-].[N+](=O)([O-])[O-].[N+](=O)([O-])[O-].O.O.O.O.O.[Tm+3]hexahydrate: [N+](=O)([O-])[O-].[N+](=O)([O-])[O-].[N+](=O)([O-])[O-].O.O.O.O.O.O.[Tm+3]tetrahydrate: [N+](=O)([O-])[O-].[N+](=O)([O-])[O-].[N+](=O)([O-])[O-].O.O.O.O.[Tm+3],
,
,
,
,
[U].[C],
Cl[U](Cl)Cl,
[U+4].[Cl-].[Cl-].[Cl-].[Cl-],
F[U](F)(F)F,
F[U](F)(F)(F)(F)F,0
[I-].[I-].[I-].[U+3],
,
O=[U]=O,
(anhydrous) ionic form (anhydrate): O=C(C)[O-].[O+]#[U]#[O+].O=C(C)[O-](dihydrate): CC(=O)[O-].CC(=O)[O-].O.O.O=[U+2]=Ocoordination dimer (hydrate): [o+]0c(C)o[U-5]01(#[O+])(#[O+])([O+H2])[o+]c(C)o[U-5]0([o+]c(C)o0)(#[O+])(#[O+])([O+H2])[o+]c(C)o1coordination dimer (anhydrous): [o+]0c(C)o[U-4]01(#[O+])(#[O+])[o+]c(C)o[U-4]0([o+]c(C)o0)(#[O+])(#[O+])[o+]c(C)o1,
[Cl-].O=[U+2]=O.[Cl-]hydrate: O.O=[U+2]=O.[Cl-].[Cl-]dihydrate: O.O.O=[U+2]=O.[Cl-].[Cl-]trihydrate: O.O.O.O=[U+2]=O.[Cl-].[Cl-],
O=CO.O=CO.O=[U]=O,
anhydrous: [N+](=O)([O-])[O-].O=[U+2]=O.[O-][N+](=O)[O-]dihydrate: [N+](=O)([O-])[O-].[N+](=O)([O-])[O-].O.O.O=[U+2]=Ohexahydrate: [N+](=O)(O)[O-].[N+](=O)(O)[O-].O.O.O.O.O.O.O=[U]=O,
anhydrous:: [O-]S(=O)(=O)[O-].O=[U+2]=Omonohdyrate:: O.[O-]S(=O)(=O)[O-].O=[U+2]=Odihdyrate:: O.O.[O-]S(=O)(=O)[O-].O=[U+2]=Otrihdyrate:: O.O.O.[O-2].[O-2].[O-]S(=O)(=O)[O-].[U]pentahydrate:: O.O.O.O.O.[O-]S(=O)(=O)[O-].O=[U+2]=O,
O=[U](=O)=O,
[O].[O].[O].[O].[O].[O].[O].[O].[U].[U].[U],
[Se-2].[Se-2].[U+4],
,
,
Br[V]Br,
Br[V](Br)Br,
Cl[V]Cl,
[V+3].[Cl-].[Cl-].[Cl-],
[V](I)(I)I,
,
,
,
[O-2].[V+3].[O-2].[V+3].[O-2],
O=[V](=O)O[V](=O)=O,
,
,
,
,
Br[W](Br)(Br)(Br)Br,
,
,
[Cl-].[Cl-].[W+2],
Cl[W](Cl)Cl,
Cl[W](Cl)(Cl)Cl,
Cl[W](Cl)(Cl)(Cl)ClCl1[W](Cl)(Cl)(Cl)(Cl)Cl[W]1(Cl)(Cl)(Cl)Cl,
Cl[W](Cl)(Cl)(Cl)(Cl)Cl,0
F[W](F)(F)F,
,
F[W](F)(F)(F)(F)F,
,
,
,
O=[W](Br)(Br)(Br)Br,
,
O=[W](Cl)(Cl)(Cl)Cl,
O=[W](F)(F)(F)F,
O=[W]=O,
,
[O-2].[O-2].[Cl-].[Cl-].[W],
,
O=[W](=O)=O,
,
=[W]=S,
=[W]=S,
[Se]=[W]=[Se],
[Te]=[W]=[Te],
(W+≡C−): [C-]#[W+],
Br[Xe]Br,
C1(=C(C(=C(C(=C1F)F)[Xe]C2=C(C(=C(C(=C2F)F)F)F)F)F)F)F,
Cl[Xe],
Cl[Xe]Cl,
Cl[Xe](Cl)(Cl)Cl,
,
F[Xe]F,0
F[Xe](F)(F)F,0
F[Xe](F)(F)(F)(F)F,
O=[Xe]=O,
[O-][Xe+3]([O-])[O-],
[O-][Xe+4]([O-])([O-])[O-],0
O=[Xe](F)F,
O=[Xe](=O)(F)F,
F[Xe+].F[Pt-1](F)(F)(F)(F)FF[Xe+].F[Pt-1](F)(F)(F)(F)(F)Pt(F)(F)(F)(F)F,
F[Xe+].F[Rh-1](F)(F)(F)(F)F,
[As].[Y],
YB2: [B][B].[Y]YB6: [B].[B].[B].[B].[B].[B].[Y],
Br[Y](Br)Br,
,
Cl[Y](Cl)Clhexahydrate:: O.O.O.O.O.O.Cl[Y](Cl)Cl,
F[Y](F)F,
P#[Y],
[Y].[Sb],
,
O=[Y]O[Y]=O,
[S-2].[S-2].[S-2].[Y+3].[Y+3],
,
Br[Yb](Br)Br,
,
Cl[Yb](Cl)Cl,
,
,
,
F[Yb](F)F,
[I-].[I-].[Yb+2],
,
,
,
,
,
,
,
,
,
,
Br[Zn]Br,
[Zn+2].[C-]#N.[C-]#N,
C(=O)([O-])[O-].[Zn+2],
,
[Zn+2].[O-]Cl(=O)=O.[O-]Cl(=O)=O,
Cl[Zn]Cl,
,
F[Zn]F,
,
[Zn]I,
,
,
[N+](=O)([O-])[O-].[N+](=O)([O-])[O-].[Zn+2],
,
[Zn]=O,
[Zn+2].[O-][O-],
[Zn+2].[OH-].[OH-],
,
sphalerite: [SH+2]12[ZnH2-2][SH+2]3[ZnH2-2][SH+2]([ZnH-2]14)[ZnH-2]1[S+2]5([ZnH-2]38)[Zn-2]26[SH+2]2[ZnH-2]([S+2]4)[SH+2]1[ZnH2-2][SH+2]3[ZnH-2]2[S+2][ZnH-2]([SH+2]6[ZnH-2]([SH+2])[SH+2]68)[SH+2]([ZnH2-2]6)[ZnH-2]35wurtzite: [ZnH2-2]1[S+2]47[ZnH-2]2[S+2][ZnH-2]3[S+2]8([ZnH2-2][SH+2]([ZnH2-2]4)[ZnH2-2]6)[ZnH-2]4[S+2][ZnH-2]5[S+2]6([ZnH2-2]6)[Zn-2]78[S+2]78[ZnH-2]([SH+2]69)[SH+2]5[ZnH2-2][SH+2]4[ZnH-2]7[SH+2]3[ZnH2-2][SH+2]2[ZnH-2]8[SH+2]1[ZnH2-2]9wurtzite: [ZnH2-2]1[SH+2]([ZnH2-2]6)[ZnH2-2][SH+2]7[ZnH-2]2[S+2][Zn-2]3([S+2][ZnH-2]9[S+2]5)[S+2]18[Zn-2]45[S+2][ZnH-2]5[SH+2]6[Zn-2]78[S+2]78[ZnH2-2][SH+2]5[ZnH2-2][S+2]4([ZnH2-2][SH+2]9[ZnH2-2]4)[ZnH-2]7[S+2]34[ZnH2-2][SH+2]2[ZnH2-2]8,
,
,
,
,
[Zn+2].[O-]S([O-])(=O)=O,
[Zn].[Zn+2].[Zn+2].[Zn+2].[Sb].[Sb].[Sb],
zincblende structure: [SeH+2]12[ZnH2-2][SeH+2]3[ZnH2-2][SeH+2]([ZnH-2]14)[ZnH-2]1[Se+2]5([ZnH-2]38)[Zn-2]26[SeH+2]2[ZnH-2]([Se+2]4)[SeH+2]1[ZnH2-2][SeH+2]3[ZnH-2]2[Se+2][ZnH-2]([SeH+2]6[ZnH-2]([SeH+2])[SeH+2]68)[SeH+2]([ZnH2-2]6)[ZnH-2]35wurtzite structure: [ZnH2-2]1[Se+2]47[ZnH-2]2[Se+2][ZnH-2]3[Se+2]8([ZnH2-2][SeH+2]([ZnH2-2]4)[ZnH2-2]6)[ZnH-2]4[Se+2][ZnH-2]5[Se+2]6([ZnH2-2]6)[Zn-2]78[Se+2]78[ZnH-2]([SeH+2]69)[SeH+2]5[ZnH2-2][SeH+2]4[ZnH-2]7[SeH+2]3[ZnH2-2][SeH+2]2[ZnH-2]8[SeH+2]1[ZnH2-2]9wurtzite structure: [ZnH2-2]1[SeH+2]([ZnH2-2]6)[ZnH2-2][SeH+2]7[ZnH-2]2[Se+2][Zn-2]3([Se+2][ZnH-2]9[Se+2]5)[Se+2]18[Zn-2]45[Se+2][ZnH-2]5[SeH+2]6[Zn-2]78[Se+2]78[ZnH2-2][SeH+2]5[ZnH2-2][Se+2]4([ZnH2-2][SeH+2]9[ZnH2-2]4)[ZnH-2]7[Se+2]34[ZnH2-2][SeH+2]2[ZnH2-2]8,
,
,
,
,
[TeH+2]12[ZnH2-2][TeH+2]3[ZnH2-2][TeH+2]([ZnH-2]14)[ZnH-2]1[Te+2]5([ZnH-2]38)[Zn-2]26[TeH+2]2[ZnH-2]([Te+2]4)[TeH+2]1[ZnH2-2][TeH+2]3[ZnH-2]2[Te+2][ZnH-2]([TeH+2]6[ZnH-2]([TeH+2])[TeH+2]68)[TeH+2]([ZnH2-2]6)[ZnH-2]35,
,
,
,
,
,
,
[Zn+2].[Zn+2].[O-]P([O-])(=O)OP([O-])([O-])=O,
,
,
[Zn].[Zn]=[As].[Zn]=[As],
[N-]=[Zn].[N-]=[Zn].[Zn+2],
[Zn]=P[Zn]P=[Zn],
[Zn+2].[Zn+2].[Zn+2].[O-]P([O-])(=O)[O-].[O-]P([O-])([O-])=O,
[Zn].[Zn+2].[Zn+2].[Zn+2].[Sb].[Sb].[Sb],
,
,
,
Cl[Zr](Cl)(Cl)Cl,
F[Zr](F)(F)F,
,
(Zr≡N): N#[Zr],
[Zr+4].O=[N+]([O-])[O-].[O-][N+]([O-])=O.[O-][N+]([O-])=O.[O-][N+]([O-])=O,
[Zr+4].[OH-].[OH-].[OH-].[OH-],
O=[Zr]=O,
,
,
,
,
[Zr+4].[O-][Si]([O-])([O-])[O-],
,
,
